issue_id,text,labels
14822,spanish walkthrough tooltip not localized shows english text click on preferences while ui is spanish preferencias jabref version other please describe below operating system gnu linux details on version and operating system ubuntu checked with the latest development build copy version output from about dialog x i made a backup of my libraries before testing the latest development version x i have tested the latest development version and the problem persists steps to reproduce the behaviour set the application language to spanish espa ol and restart start the entry table configuration walkthrough personalizar tabla de entrada proceed until the walkthrough step that prompts opening preferences with the archivo file menu open expected behavior walkthrough tooltip instruction text is fully localized to spanish the referenced ui label in the tooltip matches the spanish menu item name preferencias actual behavior walkthrough tooltip shows english text click on preferences while the menu item is preferencias creating a language mismatch and potential confusion screenshots before img width height alt image src img width height alt image src img width height alt image src screenshots after img width height alt image src img width height alt image src img width height alt image src appendix notes refer to namely commit,
14818,default opening of the search panel upon new launch jabref alpha a linux generic amd java javafx with the latest alpha the web search and search panels open at the left of the screen on every launch of the program img width height alt image src this is new behaviour and not desired by me i d like to be able to control whether this happens or not or else to have jr remember my display settings from one session to another thanks dominik,UI_CORE;UI_EDITORS
14807,http server endpoint libraries demo fails returns http with html breaking demo library retrieval jabref version other please describe below alpha operating system gnu linux details on version and operating system ubuntu checked with the latest development build copy version output from about dialog x i made a backup of my libraries before testing the latest development version x i have tested the latest development version and the problem persists steps to reproduce the behaviour start jabref open file preferences http server enable the http server and apply confirm with ok run the following command adjust host port to match the ui if needed optional check the file size expected behavior the endpoint returns http ok the response content type is application json tmp demo json contains the demo json payload baseline observed bytes actual behavior the endpoint returns http request failed the response content type is text html charset iso tmp demo json is much smaller observed bytes indicating an error html payload instead of json appendix reproducible after merging namely commit after restarting jabref this issue still exists screenshot before img width height alt image src screenshot after img width height alt image src,
14805,sourcetab error dialog immediately appears after clicking ok in error occurred dialog blocking further interaction jabref version other please describe below alpha operating system gnu linux details on version and operating system ubuntu checked with the latest development build copy version output from about dialog x i made a backup of my libraries before testing the latest development version x i have tested the latest development version and the problem persists steps to reproduce the behaviour launch jabref create a new library and add an entry open the entry editor open the source tab and make the bib la tex invalid e g delete the final closing brace switch to another tab to trigger the error handling dialog click the dialog s ok button to close it expected behavior clicking ok should close the modal dialog and return control to the entry editor so the user can continue editing or fixing the source actual behavior the sourcetab error dialog is immediately shown after clicking ok the dialog continues to block the entry editor view preventing interaction screenshots after step img width height alt image src after step img width height alt image src appendix reproducible after merging namely commit,UI_EDITORS
14787,minor grammar issues in privacy policy the privacy policy contains a few minor grammatical issues that could be improved for clarity,
14783,embedded postgres does not work under linux arm jabref version latest development branch build please note build date below operating system gnu linux details on version and operating system ubuntu arm lts checked with the latest development build copy version output from about dialog x i made a backup of my libraries before testing the latest development version x i have tested the latest development version and the problem persists steps to reproduce the behaviour download latest version or also alpha version or alpha navigate to opt jabref bin run jabref see illegal state exception about missing libraries error no postgres binaries found you need to add an appropriate maven dependency that meets the following parameters system linux architecture arm exception in thread main java lang illegalstateexception missing embedded postgres binaries alpha is broken as well this must be something with the multi project jabref build stuff or whatever cannot really narrow it down i can just rule out that it has something to do with the library itself appendix originally reported i the forum details summary log file summary paste an excerpt of your log file here details,
14778,the api summary failed with error message saying gemini flash is not found jabref version alpha operating system macos details on version and operating system no response checked with the latest development build copy version output from about dialog x i made a backup of my libraries before testing the latest development version x i have tested the latest development version and the problem persists steps to reproduce the behaviour in set to with chat model and your then save open a switch to tab the response message shows the following text error code message models gemini flash is not found for api version v beta or is not supported for generatecontent call listmodels to see the list of available models and their supported methods status not found img width height alt image src appendix details summary log file summary paste an excerpt of your log file here details,
14746,fix dockerbuild the workflows to build the docker images stopped working a problem was found with the configuration of task jablib generatejournallistmv type jbangtask in plugin com github koppor jbang gradle plugin type dev jbang gradle tasks jbangtask property installdir specifies directory root jbang cache which doesn t exist refs docker buildx build progress plain t jabkit f dockerfile jabkit,
14739,switch to release of jbang gradle plugin update to the release where is included at we use and we should switch back to the original tool,
14737,output version at startup triggered by we do not know which jabref version is running should be output opt jabref bin jabref warning using incubator modules jdk incubator vector messages are not initialized before accessing key references main org jabref launcher main error could not launch jabref java lang illegalstateexception cannot instantiate view interface org jabref logic preferences clipreferences,
14730,reword citation key patterns preferences text in preferences citation key patterns rename to to,
14729,jabref doesn t start on debian sid jabref version alpha operating system gnu linux details on version and operating system debian sid amd checked with the latest development build copy version output from about dialog x i made a backup of my libraries before testing the latest development version x i have tested the latest development version and the problem persists steps to reproduce the behaviour here is the log opt jabref bin jabref warning using incubator modules jdk incubator vector messages are not initialized before accessing key references main org jabref launcher main error could not launch jabref java lang illegalstateexception cannot instantiate view interface org jabref logic preferences clipreferences at afterburner fx com airhacks afterburner injection injector lambda getdefaultinstancesupplier unknown source at afterburner fx com airhacks afterburner injection injector instantiatemodelorservice unknown source at afterburner fx com airhacks afterburner injection injector instantiatemodelorservice unknown source at org jabref org jabref gui maintable maintablecolumnmodel init unknown source at org jabref org jabref gui maintable maintablecolumnmodel init unknown source at org jabref org jabref gui maintable columnpreferences init unknown source at org jabref org jabref gui maintable columnpreferences getdefault unknown source at org jabref org jabref gui preferences jabrefguipreferences getmaintablecolumnpreferences unknown source at org jabref org jabref gui preferences jabrefguipreferences importpreferences unknown source at org jabref jablib org jabref logic preferences jabrefclipreferences init unknown source at org jabref org jabref gui preferences jabrefguipreferences init unknown source at org jabref org jabref gui preferences jabrefguipreferences getinstance unknown source at org jabref org jabref launcher main unknown source caused by java lang instantiationexception org jabref logic preferences clipreferences at java base java lang class newinstance unknown source more caused by java lang nosuchmethodexception org jabref logic preferences clipreferences init at java base java lang class getconstructor unknown source more exception in thread main java lang illegalstateexception cannot instantiate view interface org jabref logic preferences clipreferences at afterburner fx com airhacks afterburner injection injector lambda getdefaultinstancesupplier unknown source at afterburner fx com airhacks afterburner injection injector instantiatemodelorservice unknown source at afterburner fx com airhacks afterburner injection injector instantiatemodelorservice unknown source at org jabref org jabref gui maintable maintablecolumnmodel init unknown source at org jabref org jabref gui maintable maintablecolumnmodel init unknown source at org jabref org jabref gui maintable columnpreferences init unknown source at org jabref org jabref gui maintable columnpreferences getdefault unknown source at org jabref org jabref gui preferences jabrefguipreferences getmaintablecolumnpreferences unknown source at org jabref org jabref gui preferences jabrefguipreferences importpreferences unknown source at org jabref jablib org jabref logic preferences jabrefclipreferences init unknown source at org jabref org jabref gui preferences jabrefguipreferences init unknown source at org jabref org jabref gui preferences jabrefguipreferences getinstance unknown source at org jabref org jabref launcher main unknown source caused by java lang instantiationexception org jabref logic preferences clipreferences at java base java lang class newinstance unknown source more caused by java lang nosuchmethodexception org jabref logic preferences clipreferences init at java base java lang class getconstructor unknown source more appendix details summary log file summary paste an excerpt of your log file here details,UI_EDITORS
14712,update heylogs call you will learn about the ci pipeline,
14697,all the associated files should be displayed for broken linked files instead of only the first one please use the github issue tracker only for bug reports and smaller suggestions for improvements requests for completely new features questions and general feedback is now handled at thanks is your suggestion for improvement related to a problem please describe implemented however only the first file associated with the broken linked files is displayed which is not ideal for example say we have the following file structure setup text issue issue bib subdir minimal pdf subdir copy minimal pdf the current implementation only displayes the one under img width height alt image src describe the solution you d like an ideal implementation should display the two files under both and,
14660,typing in identifier field should change type copy to the clipboard go to jabref and select new entry see that identifier is not known img width height alt image src now adapt the field content to expectation arxiv is selected actual nothing happens,UI_CORE
14659,addd for arxividentifier copy to the clipboard go to jabref and select new entry see that identifier is not known img width height alt image src expected is selected as identifier type when a doi is pasted is used this method should also be implemented to adapt org jabref model entry identifier identifier from also include tests,
14657,add import to welcome tab the welcome tab currently does not include import img width height alt image src task add import into new library to welcome tab same functionality as file import import into new library rename import into new library to import into new library in file menu rename import into current library to import into current library in file menu add three dots to export in file menu localization hint,UI_CORE
14654,restart required dialog message is mixed chinese english after switching to zh cn jabref version other please describe below reproducible after merging namely commit d bb e dc f a c operating system gnu linux details on version and operating system ubuntu checked with the latest development build copy version output from about dialog x i made a backup of my libraries before testing the latest development version x i have tested the latest development version and the problem persists steps to reproduce the behaviour steps to reproduce launch jabref open file preferences change language to zh cn and save apply observe the restart required confirmation dialog expected behavior the confirmation text is fully localized in simplified chinese including the language name e g with natural chinese wording and punctuation actual behavior the first line reads in chinese but embeds the english language name chinese simplified mixed language sentence suggesting incomplete localization notes this is introduced by or more precisely the localization was not fully implemented by appendix screenshot before img width height alt image src screenshot after img width height alt image src,
14646,add step by step guide to add multiple pdf to chocolate bib note this issue is to guide newcomers to the use of jabref and the artifacts researchers deal with web pages pdf files bibtex data jabref has a demonstration library at it just has a single pdf attached due to copyright reasons for some issues more pdfs are needed contributors do not know how to work with jabref action point create a step by step instruction with screenshots how to attach two more pdfs pages from might be linked create a pull request for this issue is opened here to gain visibility,
14645,change log levels for ai export follow up to when chatting with a group of papers and then an export i got following log entries info sending message to ai provider for answering in group inbox what are the key findings pool thread org jabref logic ai chatting followupquestiongenerator generatefollowupquestions info generated follow up questions javafx application thread org jabref gui jabrefdialogservice notify info export operation finished successfully these are all not please change the logger calls accordingly see for more information on logging,
14643,arxiv should cased arxiv in new entry dialog copy into the clipboard click on add entry using img width height alt image src see dialog img width height alt image src arxiv should be cased arxiv see for localization hints,
14642,rename waiting to summarizing open a library enable ai attach a pdf click on ai summary see on the top right corner of jabref the background task icon click on it see something similar to img width height alt image src the text waiting summary for should be changed to summarizing development hint,UI_CORE
14640,disable export button if no ai chat is there follow up to enable ai in jabref open a library with a pdf attached e g select the pdf go to tab ai chat see that export is enabled img width height alt image src expected the button should only be enabled if there is some chat message this issue requires a diving into javafx bindings also implement if for chat with groups img width height alt image src,
14639,fix entries variable assignment follow up to in is not any more change back to check if ai chat export still works if yes file a pr changing back if not report what breaks review comment,
14636,runtime bin jabref bat not existient in x jabref version latest development branch build please note build date below operating system windows details on version and operating system windows checked with the latest development build copy version output from about dialog x i made a backup of my libraries before testing the latest development version x i have tested the latest development version and the problem persists steps to reproduce the behaviour use firefox plugin plugin says that runtime bat jabref bat does not exist i think that this line here may need to be changed to jabrefexe system io path combine psscriptroot jabref exe because if i change it it works or is this also something that got messed up on my system i mean the browser extension says that it connected to jabref successfully however for some reason a paper is not send to jabref looks like that something else is also broken in my system appendix details summary log file summary paste an excerpt of your log file here details,
14594,cleanup of in eprint field should be split up test java arguments of new bibentry withfield standardfield eprint arxiv new bibentry withfield standardfield eprint withfield standardfield eprinttype arxiv task add test to adapt accordingly,
14564,web search preferences search engine url templates table grows too large and leaves empty space jabref version latest release operating system windows details on version and operating system windows checked with the latest development build copy version output from about dialog x i made a backup of my libraries before testing the latest development version x i have tested the latest development version and the problem persists steps to reproduce the behaviour open jabref go to file preferences web search scroll to the search engine url templates table observe that the table expands vertically leaving a large empty blank area under the few existing rows appendix before buggy layout img width height alt image src after fixed layout img width height alt image src the search engine url templates table becomes unnecessarily tall and leaves an empty blank area expected the table should size based on row count and remain compact,
14562,refactor pageschecker extract duplicate regex constants please use the github issue tracker only for bug reports and smaller suggestions for improvements requests for completely new features questions and general feedback is now handled at thanks is your suggestion for improvement related to a problem please describe the regex pattern fragment a za z d is repeated times across the constants pages exp bibtex and pages exp biblatex this makes it slightly harder to maintain if the page format definition needs to change describe the solution you d like i propose extracting the repeated pattern into a meaningful named constant to improve maintainability define a constant for the page number pattern based on the glitter feedback i will use a name like page number pattern reconstruct the export patterns using this constant additional context this refactoring was approved by calixtus carl christian snethlage in glitter,
14557,rename labels rename search pre configured to search pre selected rename web search fetchers to pre selected fetchers file preferences web search img width height alt image src,
14555,add eprinttype field to general entry editor tab currently jabref shows eprint in one tab and eprinttype in another img width height alt image src img width height alt image src reason is configured as general field img width height alt image src task change default preference to contain for add preference migration if old preference is general doi citationcount crossref keywords eprint url file groups owner timestamp printed priority qualityassured ranking readstatus relevance abstract abstract,
14547,combine searchablecombobox and textfield for adding fields in custom entry types i previously worked on an issue which has been resolved and merged during the implementation of that fix i realized that the current user interface for adding fields could be optimized currently the distinction or separation between selecting a standard field via a searchablecombobox and entering a custom field name via a free text field can be removed i have recently revisited this topic and found a way to combine these two inputs into a single control the solution replaces the separate boxes with a unified textfield that supports auto completion this allows users to select a standard field from the suggestion list type a custom field name freely if it doesn t exist in the list i have already successfully implemented this solution locally and would appreciate feedback on whether this modification is considered interesting for the project additional context this is a follow up to the work done in,UI_CORE
14529,disorganized dependencies i noticed that the dependencies in the build gradle kts are not grouped by their destination or purpose,
14516,update tests for the bibentrycitationsandreferencesrepositoryshell class this issue aims to increase the test coverage for the bibentrycitationsandreferencesrepositoryshell unit tests the work includes improve coverage add tests for the iscitationsupdatable isreferencesupdatable and close methods to verify correct delegation to the underlying daos logical fix correct the incorrect delegation in the references read write test which was mistakenly calling citation methods seem in the image bellow img width height alt image src,
14513,shift tab on first field of entry editor should focus last field of previous tab introduced the functionality to kbd tab kbd through all fields of the entry editor there should be the inverse functionality kbd shift kbd kbd tab kbd should focus the previous field and if there is no previous field on the current entry editor tab focus the previous tab and the last field code can get inspirations from,UI_EDITORS
14505,enable resetting of proxypreferences needs to be rewritten see for the steps to do furthermore use the new copy logic to simplify the creation of in org jabref gui preferences network networktabviewmodel networktabviewmodel,QUALITY;UI_EDITORS
14497,import old jabref preferences fails with npe odel metadata userhostinfo getuserhoststring org jabref migrations preferencesmigrations moveapikeystokeyring error unable to open key store java lang nullpointerexception cannot invoke org jabref model metadata userhostinfo getuserhoststring because this userandhost is null at org jabref jablib org jabref logic preferences jabrefclipreferences getinternalpreferences jabrefclipreferences java at org jabref org jabref migrations preferencesmigrations moveapikeystokeyring preferencesmigrations java at org jabref org jabref migrations preferencesmigrations runmigrations preferencesmigrations java at org jabref org jabref launcher main launcher java in jabkit use and see the exception task add in appropriate place or try to set user and host attached jabref xml can be checked in and used for testing,SYSTEM;UI_EDITORS
14490,npe with preferences xml in root directory jabref version latest development branch build please note build date below operating system other please describe below details on version and operating system linux mint zara base ubuntu noble checked with the latest development build copy version output from about dialog x i made a backup of my libraries before testing the latest development version x i have tested the latest development version and the problem persists steps to reproduce the behaviour installed on linux mint cinnamon binary won t load appendix terminal messages opt jabref bin jabref warning using incubator modules jdk incubator vector main org jabref launcher main error could not launch jabref java lang nullpointerexception cannot invoke java util prefs preferences get string string because this prefs is null at org jabref jablib org jabref logic preferences jabrefclipreferences get jabrefclipreferences java at org jabref jablib org jabref logic preferences jabrefclipreferences getlanguage jabrefclipreferences java at org jabref org jabref gui preferences jabrefguipreferences getworkspacepreferencesfrombackingstore jabrefguipreferences java at org jabref org jabref gui preferences jabrefguipreferences getworkspacepreferences jabrefguipreferences java at org jabref org jabref gui preferences jabrefguipreferences importpreferences jabrefguipreferences java at org jabref jablib org jabref logic preferences jabrefclipreferences init jabrefclipreferences java at org jabref org jabref gui preferences jabrefguipreferences init jabrefguipreferences java at org jabref org jabref gui preferences jabrefguipreferences getinstance jabrefguipreferences java at org jabref org jabref launcher main launcher java exception in thread main java lang nullpointerexception cannot invoke java util prefs preferences get string string because this prefs is null at org jabref jablib org jabref logic preferences jabrefclipreferences get jabrefclipreferences java at org jabref jablib org jabref logic preferences jabrefclipreferences getlanguage jabrefclipreferences java at org jabref org jabref gui preferences jabrefguipreferences getworkspacepreferencesfrombackingstore jabrefguipreferences java at org jabref org jabref gui preferences jabrefguipreferences getworkspacepreferences jabrefguipreferences java at org jabref org jabref gui preferences jabrefguipreferences importpreferences jabrefguipreferences java at org jabref jablib org jabref logic preferences jabrefclipreferences init jabrefclipreferences java at org jabref org jabref gui preferences jabrefguipreferences init jabrefguipreferences java at org jabref org jabref gui preferences jabrefguipreferences getinstance jabrefguipreferences java at org jabref org jabref launcher main launcher java,UI_EDITORS
14480,refactor improve filefieldparser parsing logic please use the github issue tracker only for bug reports and smaller suggestions for improvements requests for completely new features questions and general feedback is now handled at thanks is your suggestion for improvement related to a problem please describe yes i ve identified a long method code smell in the method is overly complex and handles several distinct logical concerns within a single loop checking for empty values handling online links and managing a character by character parsing state machine with multiple flags like this makes the code difficult to read and maintain describe the solution you d like i propose to refactor the method using the extract method technique i plan to break down the complex logic into smaller well named private helper methods the goal is to make the main method act as a high level coordinator this will significantly improve readability and make the parsing logic easier to maintain and test additional context i am a student in ellen spertus s class working on a code quality assignment i identified this opportunity for improvement and would like to contribute the refactoring via a pr espertusnu,QUALITY
14454,add personnamesplausibilitycomparator i have img width height alt image src the merge dialog should select the second column task create wire it into use for use and parse both sides if one side has more authors use the side with more authors otherwise use the one with the longer string one can get this dialog when adding following entry to jabref bibtex inproceedings guo author z y guo and s h chen and a garland and w h chen and y p liang and c m liu booktitle ieee th annual computers software and applications conference compsac title facilitating the merging process of pull requests in automated testing robot framework year address toronto on canada pages doi compsac and then presses the fetch button img width height alt image src,
14453,keyboard shortcuts changed appears at all preference changes i enabled ai in the settings i press save i get keyboard shortcuts changed img width height alt image src maybe caused by cc amandabalderas the popup should not appear if no keyboard shortcuts changed,UI_EDITORS
14452,use general word form currently we have entries and files even if there is only one img width height alt image src rename to rename to the latex files can stay because that seemed too pedantic to me read on for localization,UI_CORE
14451,support when parsing arxiv identifiers copy into clipboard click on add entry using img width height alt image src see that choose entry type is selected there should be enter identifier selected maybe only org jabref model entry identifier arxividentifier arxiv prefix needs to be changed and a test be added,
14430,offer selection of citationprovider in citations tab jabref offers to display cited and citing papers img width height alt image src thereby it used the interface there are currently two implementations only one is used in the gui the cli offers selecting one task create in package use and implement method accepting a as first paramter the method checks org jabref logic importer fetcher citation crossref crossrefcitationfetcher getname org jabref logic importer fetcher citation semanticscholar semanticscholarcitationfetcher getname and returns a new instance of the fetcher the parameters are a union of the parameters of the respective constructors add a dropdown to the citation panel the left panel dropdown has crossref and semanticscholar as values dropdown state is stored in see how other classes to that also handle the default semanticscholar location is somewhere at org jabref gui entryeditor citationrelationtab citationrelationstab getpaneandstartsearch have org jabref toolkit commands getcitedworks call using this factory minor change to at org jabref logic importer fetcher citation crossref crossrefcitationfetcher getname,EXTERNAL
14428,fix jabkit s output currently outputs nothing cmd c git repositories jabkit version c git repositories outputs the version c git repositories jabkit help version alpha a a staying on top of your literature since please report issues at jabkit command line toolkit for jabref usage jabkit dhpv command c git repositories wish the version is output on the command line alpha a a similar to c git repositories jbang version c git repositories hints the variable is in place org jabref toolkit commands jabkit versioninforequested but not read yet read on at for a howto for picocli int result commandline execute args it might be that is done wrong currently and just a needs to be implemented run jabkit img width height alt image src modify run configuration img width height alt image src installing jabkit not required to solve the issue but helpful to understand how the outputs above are produced,SYSTEM
14417,enable resetting of donationpreferences see for the steps to do,UI_EDITORS
14416,enable resetting of newentrypreferences see for the steps to do,UI_EDITORS
14415,enable resetting of copytopreferences see for the steps to do,UI_EDITORS
14414,enable resetting of columnpreferences see for the steps to do do it for both and note this could be harder than the others see the closed prs for issues,UI_EDITORS
14413,enable resetting of maintablepreferences see for the steps to do,UI_EDITORS
14409,enable resetting of specialfieldspreferences see for the steps to do,UI_EDITORS
14408,enable resetting of groupspreferences see for the steps to do,UI_EDITORS
14407,enable resetting of sidepanepreferences see for the steps to do,UI_EDITORS
14406,enable resetting of externalapplicationspreferences see for the steps to do,UI_EDITORS
14405,enable resetting of unlinkedfilesdialogpreferences see for the steps to do,UI_EDITORS
14404,enable resetting of coreguipreferences see for the steps to do,UI_EDITORS
14403,enable resetting of autocompletepreferences see for the steps to do,UI_EDITORS
14402,enable resetting of mergedialogpreferences see for the steps to do,UI_EDITORS
14381,add close library to menu currently it is not possible to close a single library img width height alt image src word has it as follows img width height alt image src task add close functionality below save all img width height alt image src functionality already exists in case on has opened multiple tabs img width height alt image src hint check that this functionality is only enabled if any library is opened,UI_CORE
14362,fix typos in contributing md pull request process submission sections description while setting up my local workspace for contribution i noticed a few typographical errors in the documentation locations fixes i have identified the following three errors that need correction section step current have fun learn communictate proposed have fun learn communicate section paragraph current as a concequece force pushing is not required proposed as a consequence force pushing is not required section paragraph current the pull request may be approved immediatly proposed the pull request may be approved immediately plan i plan to create a pr to fix these spelling errors to improve the readability of the contribution guidelines,
14361,enable parameters for cli generate citation keys currently the command from jabkit doesn t allow for customization usage jabkit generate citation keys dhp input inputfile output outputfile generate citation keys for entries in a bib file d debug enable debug output h help display this help message input inputfile input bibtex file output outputfile the output bib file p porcelain enable script friendly output however jabref allows for much customization this should also be offered in the cli you can check the gui for the options img width height alt image src task offer each element of as parameter in the cli for thereby construct new based on cli options if no option is provided for a parameter use the values from user configured argumentprocessor clipreferences hints you can use org jabref toolkit converter caseinsensitiveenumconverter to convert an enum see usage of the class for how to do key patterns is a map which can be implemented in picocli using,SYSTEM
14358,make help output consistent current output jbang jabkit jabref generate citation keys help main org jabref logic journals journalabbreviationloader loadrepository info loaded journal abbreviations from c users koppor appdata local temp jabref journal journal list mv usage jabkit generate citation keys dhp input inputfile output outputfile generate citation keys for entries in a bib file d debug enable debug output h help display this help message input inputfile input bibtex file output outputfile the output bib file p porcelain enable script friendly output task change to change to without dot at the end change to this is a nice opportunity to learn about kbd ctrl kbd kbd shift kbd kbd f kbd in intellij,SYSTEM
14355,move to jackson forgotten imports in unpaywallfetcher can cause issue it looks like the imports in line and have not been adjusted to jackson this makes jackson an unexpected dependency i don t know how this could pass tests but in my non gradle build i get the issue src main java org jabref logic importer fetcher unpaywallfetcher java error package com fasterxml jackson databind is not visible import com fasterxml jackson databind jsonnode package com fasterxml jackson databind is declared in module com fasterxml jackson databind but module org jabref jablib does not read it and a similar one for i assume by some magic trick gradle s automatic resolution somehow circumvents this issue still it should be fixed all that needs to be done is replace java import com fasterxml jackson databind jsonnode import com fasterxml jackson databind objectmapper by java import tools jackson databind jsonnode import tools jackson databind objectmapper in,
14352,add right click option to delete custom bst style for entry preview please use the github issue tracker only for bug reports and smaller suggestions for improvements requests for completely new features questions and general feedback is now handled at thanks is your suggestion for improvement related to a problem please describe i can add a new custom bst style in jabref for entry preview but i have no option to remove it describe the solution you d like add a right click option to remove the style this should only be possible for bst styles additional context example bst files can be found in jabref jablib src test resources org jabref logic bst ieeetran bst img width height alt image src,UI_CORE
14348,rewrite just returns an url and the assumption at is that the api key is just appended it should be changed to a logic where the url is constructed in each fetcher however the real solution is to adapt to and each fetcher could check for itself this is more work and one needs to dive into each fetcher,EXTERNAL;QUALITY
14346,code refactoring several utility classes in the codebase contain only static methods but lack both the modifier and a private constructor to prevent instantiation and subclassing this violates java best practices for utility classes and could lead to misuse add the modifier to each utility class declaration and include a private constructor that throws to explicitly prevent instantiation this follows the standard pattern recommended in effective java by joshua bloch affected classes this refactoring has no behavioral changes and improves code quality by making the intent of these utility classes explicit each class will be addressed in a separate pull request for easier review this was discussed and approved on gitter by koppor,QUALITY
14334,missing spanish translations in ui jabref version latest release operating system windows details on version and operating system windows enterprise ltsc h checked with the latest development build copy version output from about dialog x i made a backup of my libraries before testing the latest development version x i have tested the latest development version and the problem persists steps to reproduce the behaviour abrir la app ir a options preferences language seleccionar espa ol appendix adjunto algunas capturas img width height alt image src img width height alt image src img width height alt image src img width height alt image src hi my english isn t very good i m argentinian and i d like to start collaborating on the project while translating it into spanish i found some untranslated texts if you think this is something worth addressing i d be happy to help,
14280,refactor formatter and fieldformattercleanups for clearer structure and simpler class responsibilities please use the github issue tracker only for bug reports and smaller suggestions for improvements requests for completely new features questions and general feedback is now handled at thanks is your suggestion for improvement related to a problem please describe some logic in org jabref logic cleanup is placed in the wrong layer or mixes responsibilities formatter is a base class for string formatters but lives in the cleanup package fieldformattercleanups handles both parsing serialization and cleanup execution describe the solution you d like move formatter to org jabref logic formatter refactor and rename fieldformattercleanups and extract its parsing logic to a small helper like fieldformattercleanupparser keep public behavior unchanged additional context this is a small non functional refactor touching mainly formatter java moved fieldformattercleanups java renamed internal refactor with only minor import updates in related logic and test,QUALITY
14247,testing issue creation for open source practice this is a test issue created for practice purposes only please do not take any action or merge anything related to this issue i m just learning how to raise issues on github thank you,
14246,add custom properties on cayw endpoint in the jabref jabref repository please use the github issue tracker only for bug reports and smaller suggestions for improvements requests for completely new features questions and general feedback is now handled at thanks is your suggestion for improvement related to a problem please describe a clear and concise description of what the problem is ex i m always frustrated when describe the solution you d like a clear and concise description of what you want to happen additional context add any other context or screenshots about the feature request here,
14242,total count in date group and other automatic groups missing follow up from open chocolate bib add date group group by date name it date see img width height alt image src expected date shows sum of all entry counts below as is is shown,UI_CORE
14237,unable to change any keyboard shortcut jabref version latest release operating system macos details on version and operating system tahoe a checked with the latest development build copy version output from about dialog x i made a backup of my libraries before testing the latest development version x i have tested the latest development version and the problem persists steps to reproduce the behaviour open jabref select file preferences keyboard shortcuts select any entry e g file close library click on the entry or right click on the entry or double click on the entry type the key key combination that you want instead for this action see bug nothing happens appendix i m not entirely sure how the keybindings are supposed to be customized see step but i cannot get any alternative keybinding to get registered for any action the documentation doesn t help summary log file summary column type is unknown column type is unknown column type is unknown column type is unknown column type is unknown column type is unknown column type is unknown column type is unknown column type is unknown column type is unknown column type is unknown column type is unknown column type is unknown column type is unknown column type is unknown column type is unknown column type is unknown column type is unknown column type is unknown column type is unknown column type is unknown column type is unknown column type is unknown column type is unknown column type is unknown column type is unknown column type is unknown column type is unknown column type is unknown column type is unknown column type is unknown column type is unknown column type is unknown column type is unknown column type is unknown column type is unknown column type is unknown column type is unknown column type is unknown column type is unknown column type is unknown column type is unknown column type is unknown column type is unknown column type is unknown column type is unknown column type is unknown column type is unknown column type is unknown column type is unknown column type is unknown column type is unknown column type is unknown column type is unknown column type is unknown column type is unknown column type is unknown column type is unknown column type is unknown column type is unknown column type is unknown column type is unknown column type is unknown column type is unknown column type is unknown column type is unknown column type is unknown column type is unknown column type is unknown column type is unknown column type is unknown column type is unknown column type is unknown column type is unknown column type is unknown column type is unknown column type is unknown column type is unknown column type is unknown column type is unknown column type is unknown column type is unknown column type is unknown column type is unknown column type is unknown column type is unknown column type is unknown column type is unknown column type is unknown column type is unknown column type is unknown column type is unknown column type is unknown column type is unknown column type is unknown column type is unknown column type is unknown column type is unknown column type is unknown column type is unknown column type is unknown column type is unknown column type is unknown column type is unknown column type is unknown column type is unknown column type is unknown column type is unknown column type is unknown column type is unknown column type is unknown column type is unknown column type is unknown column type is unknown column type is unknown column type is unknown column type is unknown column type is unknown column type is unknown column type is unknown column type is unknown column type is unknown column type is unknown column type is unknown column type is unknown column type is unknown column type is unknown column type is unknown column type is unknown column type is unknown column type is unknown column type is unknown column type is unknown column type is unknown column type is unknown column type is unknown column type is unknown column type is unknown column type is unknown preferences recorded loaded journal abbreviations from var folders h qhzg jx vqcssrpvr qfvh gn t jabref journal journal list mv details,
14211,snapcraft build broken img width height alt image src,
14154,jabkit preferences does not work jabref version latest development branch build please note build date below operating system gnu linux details on version and operating system endeavour os kernel arch checked with the latest development build copy version output from about dialog x i made a backup of my libraries before testing the latest development version x i have tested the latest development version and the problem persists steps to reproduce the behaviour then you get an exception picocli commandline initializationexception cannot instantiate org jabref cli preferences preferencesexport the class has no constructor at picocli commandline defaultfactory create commandline java at picocli commandline model commanduserobject getinstance commandline java at picocli commandline model commandspec userobject commandline java at picocli commandline interpreter clear commandline java at picocli commandline interpreter parse commandline java at picocli commandline interpreter processsubcommand commandline java at picocli commandline interpreter processarguments commandline java at picocli commandline interpreter parse commandline java at picocli commandline interpreter processsubcommand commandline java at picocli commandline interpreter processarguments commandline java at picocli commandline interpreter parse commandline java at picocli commandline interpreter parse commandline java at picocli commandline interpreter parse commandline java at picocli commandline parseargs commandline java at picocli commandline execute commandline java at org jabref jabkit main jabkit java at jabkitlauncher main jabkitlauncher java caused by java lang nosuchmethodexception org jabref cli preferences preferencesexport init at java base java lang class getconstructor class java at java base java lang class getdeclaredconstructor class java at picocli commandline defaultfactory create commandline java at picocli commandline defaultfactory create commandline java more it appears that the preferences class defines non static inner classes and thus no constructor can be called for them from the static preferences should be an easy fix appendix details summary log file summary paste an excerpt of your log file here details,SYSTEM;UI_EDITORS
14150,fix stringutil package and methods is in package it should be in logic package move to package adapt tests at least move the test class and code accordingly is a single string handling method move to adapt tests and code accordingly,QUALITY
14143,rewrite imported entries feature this is a follow up to remove replace by an moreover the architecture of should be fixed org jabref gui groups jabrefsuggestedgroups has to be moved to org jabref logic groups defaultgroupsfactory rename org jabref logic groups defaultgroupsfactory to move the two factory methods from remove,
14132,refactor long method importdatabase in ovidimporter is your suggestion for improvement related to a problem please describe the method in ovidimporter has grown into a long method that mixes multiple functionalities including record splitting per field parsing regex handling for source fields and final cleanup this makes it harder to understand test and maintain describe the solution you d like i d like to refactor by extracting several small private helper methods and while preserving all current behavior and public apis the goal is purely to improve readability and separation of concerns not to change functionality additional context this refactoring proposal was discussed and approved on the jabref gitter channel would you prefer helper methods like these to be annotated with and have direct unit tests or should testing rely solely on the existing integration level coverage for i understand there are different schools of thought on this and would like to follow jabref s convention,QUALITY
14130,ctrl shift l should open current library directory jabref version latest release operating system windows details on version and operating system windows h checked with the latest development build copy version output from about dialog x i made a backup of my libraries before testing the latest development version x i have tested the latest development version and the problem persists steps to reproduce the behaviour open two different libraries in different folder press ctrl shift l which is the shortcut key for opening terminal here the terminal is opened but the directory is not the currently opened library appendix no response,UI_CORE
14122,pseudonymization does not work correctly jabref version latest development branch build please note build date below operating system windows details on version and operating system arch endeavouros linux x checked with the latest development build copy version output from about dialog x i made a backup of my libraries before testing the latest development version x i have tested the latest development version and the problem persists steps to reproduce the behaviour run output java lang nullpointerexception cannot invoke java nio file path tostring because this outputfile is null at org jabref jabkit org jabref cli pseudonymize run pseudonymize java at info picocli picocli commandline executeuserobject commandline java at info picocli picocli commandline access commandline java at info picocli picocli commandline runlast executeuserobjectoflastsubcommandwithsameparent commandline java at info picocli picocli commandline runlast handle commandline java at info picocli picocli commandline runlast handle commandline java at info picocli picocli commandline abstractparseresulthandler execute commandline java at info picocli picocli commandline runlast execute commandline java at info picocli picocli commandline execute commandline java at org jabref jabkit org jabref jabkit main jabkit java task jabkit run failed failure build failed with an exception there is also another bug whenever you actually provide the output i have fixed this in a local branch but wanted to make sure that this was in fact unintended behavior before making a pr if someone experienced in jabkit jabref tells me this is unintended i will make the pr appendix details summary bib file chocolate bib summary article corti author corti roberto and flammer andreas j and hollenberg norman k and lu scher thomas f date journaltitle circulation title cocoa and cardiovascular health doi circulationaha issn number pages volume publisher ovid technologies wolters kluwer health article cooper author cooper karen a and donovan jennifer l and waterhouse andrew l and williamson gary date journaltitle british journal of nutrition title cocoa and health a decade of research doi s issn number pages volume publisher cambridge university press cup article ding author ding eric l and hutfless susan m and ding xin and girotra saket date journaltitle nutrition metabolism title chocolate and prevention of cardiovascular disease a systematic review doi issn number volume publisher springer science and business media llc article keen author keen carl l date journaltitle journal of the american college of nutrition title chocolate food as medicine medicine as food doi issn number sup pages s s volume publisher informa uk limited article katz author katz david l and doughty kim and ali ather date journaltitle antioxidants redox signaling title cocoa and chocolate in human health and disease doi ars issn number pages volume publisher mary ann liebert inc readstatus skimmed article parker author parker gordon and parker isabella and brotchie heather date journaltitle journal of affective disorders title mood state effects of chocolate doi j jad issn number pages volume groups used publisher elsevier bv readstatus read article scholey author scholey andrew and owen lauren date journaltitle nutrition reviews title effects of chocolate on cognitive function and mood a systematic review doi nure issn number pages volume groups used publisher oxford university press oup readstatus read article tan author tan terence yew chin and lim xin yi and yeo julie hsiao hui and lee shaun wen huey and lai nai ming date journaltitle nutrients title the health effects of chocolate and cocoa a systematic review doi nu issn number pages volume publisher mdpi ag readstatus skimmed article macht author macht michael and mueller jochen date journaltitle appetite title immediate effects of chocolate on experimentally induced mood states doi j appet issn number pages volume groups used publisher elsevier bv readstatus read article tokede author tokede o a and gaziano j m and djouss l date journaltitle european journal of clinical nutrition title effects of cocoa products dark chocolate on serum lipids a meta analysis doi ejcn issn number pages volume publisher springer science and business media llc article garcia author garcia jose p and santana adrian and baruqui diego lugo and suraci nicholas date journaltitle reviews in cardiovascular medicine title the cardiovascular effects of chocolate doi j rcm issn number volume publisher imr press article hooper author hooper lee and kay colin and abdelhamid asmaa and kroon paul a and cohn jeffrey s and rimm eric b and cassidy aed n date journaltitle the american journal of clinical nutrition title effects of chocolate cocoa and flavan ols on cardiovascular health a systematic review and meta analysis of randomized trials doi ajcn issn number pages volume publisher elsevier bv readstatus skimmed article di renzo author di renzo gian carlo and brillo eleonora and romanelli maila and porcaro giuseppina and capanna federica and kanninen tomi t and gerli sandro and clerici graziano date journaltitle the journal of maternal fetal neonatal medicine title potential effects of chocolate on human pregnancy a randomized controlled trial doi issn number pages volume groups used publisher informa uk limited readstatus read article richard author richard anna and meule adrian and friese malte and blechert jens date journaltitle frontiers in psychology title effects of chocolate deprivation on implicit and explicit evaluation of chocolate in high and low trait chocolate cravers doi fpsyg issn volume groups used publisher frontiers media sa readstatus read article fulton author fulton james e jr and plewig gerd and kligman albert m date journaltitle jama the journal of the american medical association title effect of chocolate on acne vulgaris doi jama eprint issn number pages url volume publisher american medical association ama comment jabref meta databasetype biblatex comment jabref meta filedirectory pdfs comment jabref meta grouping allentriesgroup searchgroup entries without a group groups searchgroup entries without a linked file file staticgroup paywalled searchgroup to read groups and readstatus x ff keywordgroup skimmed readstatus skimmed xffff ff keywordgroup read readstatus read x ff ff staticgroup used x ffff comment jabref meta groups search syntax version alpha comment jabref meta keypatterndefault auth year details,
14118,add option to use pseudonymize libraries in gui logic functionality for pseudonymizing libraries already exists support for using it via cli jabkit was added in we want to make it accessible to the ui as well add it to the tools menu img width height alt image src add a new option pseudonymize library and wire it with the existing logic on clicking the option it should take input the path where the pseudonymized library output and keys are to be saved via a dialog and at the end of the process there should be a new and files in those directories additional context for better context of the inputs and outputs see the pr description of and try out the feature yourself first using jabkit and a bib file such as chocolate bib note since this is a ui change a screen recording in the description of the pr adding this functionality is mandatory for marking completion,UI_CORE
14115,replace guava s cache with caffeine we currently use a cache from google guava however that is deprecated and should be replaced with its successor caffeine we use it for fileannotationcache and citationstylecache add caffeine dependency to versions and dependency rules migrate the code add a test,
14103,pre compile regex patterns please use the github issue tracker only for bug reports and smaller suggestions for improvements requests for completely new features questions and general feedback is now handled at thanks is your suggestion for improvement related to a problem please describe some classes use with inline regex patterns rather than pre compiling them as fields following java regex best practices describe the solution you d like pre compile regex patterns as fields at the class level following the approach already used in classes such as and i originally identified this pattern in date validation pattern but found similar patterns in other files date validation pattern in html tag removal pattern url query pattern additional context i posted about the initial change on gitter and christoph said it was a positive change would you prefer one pr for or could i address the regex pre compiling in the other files listed as well,
14089,urldownload should include in exception supports outputting http information on failure this should be used at e g task adapt org jabref logic importer fetcher doifetcher performsearchbyid to use instead of make private adapt all other methods note you can merge with probably,EXTERNAL
14088,prevent custom entry types with spaces bibtex has problems when the entry type contains spaces jabref should not allow custom entry types to contain spaces adapt the validator triggered by this post background one can customize entry types at img width height alt image src,UI_CORE;UI_EDITORS
14087,support combo box in main table for content selectors create a new library demo bib add new entry in bibtex source add bibtex article demo icore abc library properties add content selectors for img width height alt image src file preferences entry table add custom column icore img width height alt image src save restart jabref see at tab other fields there is are the contents displayed img width height alt image src however clicking on the field on the main table does not do anything img width height alt image src there is something done for the viewed field img width height alt image src task similar behavior should happen for fields with a content selector hints possible field values can be read from adapt to handle the case if the are content selector values and display them similar to but more easy just use optionalvaluetablecellfactory,UI_CORE
14086,support no color environment variable there should be the possibility to have output with no color see variable switch cli output if colors are used to that library supports out of the box check and modify all cli projects i e background img width height alt image src hints need to modify org jabref logic util buildinfo jabref banner check for its use etc follow up for maintainers we can list us at,
14083,web search enable search by letter on the left side jabref offers web search activate using view web search img width height alt image src when i press l in the search field lobid should be selected requirement enable search code hint should be same changes as additionally go through the preferences dialog file preferences and for each combobox with fixed values replace it example img width height alt image src note following is a combo box allowing free text this should not be replaced because users should still be able to key in values img width height alt image src,UI_CORE;UI_EDITORS
14082,change combo box for field selection to two the combo box to select a field is non searchable because it allows free text change it to two elements stacked on each other searchable combobox free text field both with a plus sign to add for the existing combo box this already exsists img width height alt image src code hint should be same changes as,UI_CORE;UI_EDITORS
14058,fix alphabetical ordering in dropdown start jabref open preferences go to external programs open dropddown applications to push entries to see that texshop and vscode is are not sorted alphabetically img width height alt image src sort them alphabetically,
14055,truncated text on buttons is unreadable jabref version latest development branch build please note build date below operating system gnu linux details on version and operating system opensuse tumbleweed checked with the latest development build copy version output from about dialog x i made a backup of my libraries before testing the latest development version x i have tested the latest development version and the problem persists steps to reproduce the behaviour view entries in the possible duplicates dialog text does not fit on the buttons so the text is truncated and cannot be read because the buttons also do not have a tooltip other dialogs also have this problem this example possible duplicates is particularly troublesome because the button text cannot be discerned by process of elimination unlike when there are only two choices and one of them is cancel image appendix details summary log file summary paste an excerpt of your log file here details,UI_CORE
14052,package and class name collision accross modules is your suggestion for improvement related to a problem please describe i observe at least one package and even class name collision between two jabref modules exists in jabgui and jabkit and both classes are quite different they have completely different members so this is more than just a shadowing hack while technically possible already the package name clash is bad style so called split packages are discouraged in the java module system and can cause unforeseen issues from packages should have a unique origin so no two modules can contain types in the same package if they do this is called a split package and the module system will refuse to compile or launch such configurations describe the solution you d like please refactor to avoid split packages as it is an unnecessary risk and source of trouble the earlier this is done the easier the change will be i strongly recommend to adjust this before beta phase,QUALITY
14034,missing io github adr e adr snapshot dependency failed to build jabref version latest release operating system windows details on version and operating system windows home checked with the latest development build copy version output from about dialog x i made a backup of my libraries before testing the latest development version x i have tested the latest development version and the problem persists steps to reproduce the behaviour git clone jabref url main branch in command line run gradlew build see output gradlew build downloading welcome to gradle starting a gradle daemon subsequent builds will be faster failure build failed with an exception what went wrong could not determine the dependencies of task jabgui disttar could not resolve all dependencies for configuration jabgui runtimeclasspath could not find io github adr e adr snapshot appendix details summary log file summary paste an excerpt of your log file here details,UI_CORE
14017,put sort items in group menu into sub menu move sort entries in the groups panel to sub menu sort img width height alt image src,UI_CORE
14016,rewrite to be a pattern currently the assumption of is that the api key is appended it is appended at and then some fetch is done this does not work if the api key is used otherwise task replace by instead of testing for the key the fetcher itself does the test no default implementaiton all fetchers need to implement stub with a todo that it needs to be implemented remove the tests etc from implement for based on the existing idea you can move code from to here adapt to use the new interface adapt to test for api key add new accepting an api key and have the existing make use of it use as search look at the code on how to construct a lucene query,
13984,unintentional reset of search query during manipulation of found entries when you perform a search a list of found entries is displayed after deleting an entry from the list the search query is completely reset to the main window displaying the entries before the search even though the search query is still entered in the search bar therefore to display the search query you must clear the search bar again and re enter the same query this issue wasn t previously present it arose relatively recently if the list resulting from a search query is manipulated in any way the search query should not be reset and the resulting list should remain until the search query is removed or modified,LOGIC_DATA
13978,duplicated entry removed from main table when merged jabref version latest development branch build please note build date below operating system gnu linux details on version and operating system arch linux bspwm x checked with the latest development build copy version output from about dialog x i made a backup of my libraries before testing the latest development version x i have tested the latest development version and the problem persists steps to reproduce the behaviour create a new library import a new article by id e g then import the same article again then a merge dialog will be opened because the new entry duplicates the one already present this is expected behavior click on treat all duplicates the same way click on keep merged as the result main table no longer has the entry and it s empty however the source contains the entry and if you reopen it it will be seen appendix no response,UI_CORE
13964,issue implementation of homework assignment,
13940,add a fetcher for openalex please use the github issue tracker only for bug reports and smaller suggestions for improvements requests for completely new features questions and general feedback is now handled at thanks openalex is a large open catalog to the global research system implement a fetcher for openalex using the searchbasedfetcher searchbasedparserfetcher interfaces api docs for searching and filtering you need to implement a parser to parse the json result to bibtex optionally implement full text fetcher capabilities,EXTERNAL
13930,test concrete patterns in bracketedpatterntest there is a comment in citationkeygeneratortest the concrete patterns such as code authorsalpha code should better be tested at link bracketedpatterntest i had been working on this in a pr for another issue but think it should be separate this could be a good second issue or for a university class,QUALITY
13929,make configure api key discoverable when searching preferences img width alt jabref preferences showing configurable api keys src api keys can be configured in web search but the search box doesn t match this tab img width alt jabref preferences showing search for api and results matching the ai tab src searching for api only matches the ai tab img width alt jabref preferences showing search for key and results matching several tabs no including the web search tab src searching for key matches several tabs but web search is not one of them the api keys would be easier to locate if searching in preferences matched the web search tab as well as the ai tab,UI_EDITORS
13898,linux jabref fails to start jabref version latest development branch build please note build date below operating system other please describe below details on version and operating system fedora linux checked with the latest development build copy version output from about dialog x i made a backup of my libraries before testing the latest development version x i have tested the latest development version and the problem persists steps to reproduce the behaviour download rpm of current development built try to start from shell effect software does not start please do shared guiding questions for investigating appendix details summary log file summary warning using incubator modules jdk incubator vector exception in thread main java lang nullpointerexception cannot invoke java util set equals object because currentgeneralprefs is null at org jabref org jabref migrations preferencesmigrations addicorerankingfieldtogeneraltab preferencesmigrations java at org jabref org jabref migrations preferencesmigrations runmigrations preferencesmigrations java at org jabref org jabref launcher main launcher java details,UI_EDITORS
13897,viewing welcome tab closes library jabref version latest development branch build please note build date below operating system gnu linux details on version and operating system no response checked with the latest development build copy version output from about dialog x i made a backup of my libraries before testing the latest development version x i have tested the latest development version and the problem persists steps to reproduce the behaviour open a library click help open welcome tab the welcome tab opens and the library closes completely leaving no second tab for returning to the library click the recently opened library in the welcome tab welcome tab is now closed gone and the library is open opening the welcome tab should not close the library and opening a library should not close the welcome tab appendix no response,UI_CORE
13890,field finder combobox doesn t work in clean up dialog jabref version latest development branch build please note build date below operating system gnu linux details on version and operating system arch checked with the latest development build copy version output from about dialog x i made a backup of my libraries before testing the latest development version x i have tested the latest development version and the problem persists steps to reproduce the behaviour open clean up dialog find a key for a field formatter e g title start typing t then i the items in combobox are not filtered appendix no response,UI_CORE
13868,add export chat and summary feature to ai functionality is your suggestion for improvement related to a problem please describe quite often jabref users would like to share a conversation with ai or store it in some text file that would be read later without opening jabref however currently we don t have an option of saving the conversation or summary to some external file describe the solution you d like add a button to chat and summary tab that allows user to export a summary or a chat to a file img width height alt image src img width height alt image src that should give a dropdown i got this idea from telegram messenger where there are also options for exporting chats exporting in machine readable format could be useful for other ai tools or knowledge bases after clicking on one of the buttons an file dialog should open additional context format for human readable option and denote special places in text that needs to be replaced markdown bibtex bibtex entry source code conversation user format to store chats with ai in markdown ai a common and clean way should not be added i added them because there are nested backticks in this issue description format for machine readable option json entry bibtex entry source code entry field value field value latest provider currently selected provider latest model currently selected model timestamp date and time conversation role user content role assistant content notes on machine readable format should follow openai api format we paste in dictionary form because some programs would like to use this as metadata naturally without parsing bibtex i added prefixes because the model is not saved in the data model of a conversation and it only depends on current jabref preferences timestampt is not available for chats however summaries have recorded chat model provider and timestamp which you can use,LOGIC_DATA;UI_CORE
13855,changing the ai model in the preferences does not change the text of the status bar jabref version latest development branch build please note build date below operating system macos details on version and operating system mac os checked with the latest development build copy version output from about dialog x i made a backup of my libraries before testing the latest development version x i have tested the latest development version and the problem persists steps to reproduce the behaviour add a pdf to an entry preferences ai add an api key for gemini and for open ai select model gemin chat with ai gemini model is used see status bar change model in preferences to gp or any other openai compatible select entry again chat with ai status bar stil shows gemini but log console shows open ai is called img width height alt image src appendix details summary log file summary paste an excerpt of your log file here details,
13849,ai functions module langchain j core does not declare jabref version alpha operating system windows details on version and operating system windows checked with the latest development build copy version output from about dialog x i made a backup of my libraries before testing the latest development version x i have tested the latest development version and the problem persists steps to reproduce the behaviour in preference ai select gemini provider any model supplying the appropriate api key select a paper from the library open ai summary tab or open ai chat and send a message the following error is risen java util serviceconfigurationerror dev langchain j module langchain j core does not declare version jabref alpha ae c windows amd java javafx appendix no response,UI_CORE
13845,search errors in different catalogues jabref version latest release operating system windows details on version and operating system windows windows checked with the latest development build copy version output from about dialog x i made a backup of my libraries before testing the latest development version x i have tested the latest development version and the problem persists steps to reproduce the behaviour i get errors while searching in different databses did api s change are some search querys correct some do work like img width height alt image src img width height alt image src img width height alt image src appendix searching in many databses fails summary log file summary details plain org jabref logic importer fetcherexception an internal parser error occurred while fetching from at org jabref org jabref logic importer searchbasedparserfetcher getbibentries unknown source at org jabref org jabref logic importer searchbasedparserfetcher performsearch unknown source at org jabref org jabref logic importer pagedsearchbasedparserfetcher performsearch unknown source at org jabref org jabref logic importer searchbasedfetcher performsearch unknown source at org jabref org jabref gui importer fetcher websearchpaneviewmodel lambda search unknown source at org jabref org jabref gui util backgroundtask call unknown source at org jabref org jabref gui util uitaskexecutor call unknown source at javafx graphics javafx concurrent task taskcallable call unknown source at java base java util concurrent futuretask run unknown source at java base java util concurrent executors runnableadapter call unknown source at java base java util concurrent futuretask run unknown source at java base java util concurrent threadpoolexecutor runworker unknown source at java base java util concurrent threadpoolexecutor worker run unknown source at java base java lang thread run unknown source caused by org jabref logic importer parseexception kong unirest core json jsonexception invalid json at org jabref org jabref logic importer util jsonreader tojsonobject unknown source at org jabref org jabref logic importer fetcher scholararchivefetcher lambda getparser unknown source more caused by kong unirest core json jsonexception invalid json at org jabref merged module kong unirest modules gson gsonengine newengineobject unknown source at org jabref merged module kong unirest core json jsonobject init unknown source more details,EXTERNAL
13840,global search change of pin behavior follow up to img width height alt image src pin on top on double click keeps window open pin on top off window should behave normal w r t jabref main window meaning going to the background if main window is activated,LOGIC_DATA
13819,cleanup entries jabref offers functionality to clean up entries the dialog consists of thee parts multi field clean ups file related clean ups single field cleen ups img width height alt image src task introduce three tabs in the clean up entries dialog single field file realted multi field have each tab buttons apply to apply the selected formatters close to close the window the just apply the selected actions of the current tab if possible one could think about undo redo in the dialog itself as in the automatic field editor but i think this is too complex for users normal undo redo of jabref should do img width height alt image src,
13796,refine redacted replacement in case of an error they key is removed from the output example enable web fetchers select springer search for anything you will get img width height alt image src the output looks a bit strange as one would expect that only the key is not shown and thus the url makes the impression of being invalid task modify the constant to have a regex group for the api key use a named group for readability modify to replace only the group of the key and not all make the method returning instead of object make the method package private and add add test cases using and hint use kbd ctrl kbd kbd shift kbd kbd t kbd to create a test class to increase debugging the first letter of the api key could still be output please modify the regex accordingly benefits learn how regular expressions work in java,EXTERNAL
13780,automatic field editor checkbox show only set fields open a library open automatic field edtior img width height alt image src see that at field dropdown all available fileds are displayed img width height alt image src when i want to clear fields i need to know by heart which fields are set task add a new tab clar content make it simlar as existing edit content but only for clear remove clear field content at edit conent if possible also filter the list at from at copy or move content img width height alt image src,
13773,systematic literature research gives study repository not found error jabref version latest development branch build please note build date below operating system gnu linux details on version and operating system ubuntu checked with the latest development build copy version output from about dialog x i made a backup of my libraries before testing the latest development version x i have tested the latest development version and the problem persists steps to reproduce the behaviour build and run the up to date repository select tools start new systematic literature review fill study title author questions and query fields select a catalog select empty directory and start survey the action will fail and the user will get an error message saying the repository couldn t be created appendix this issue is present at the time of writing which is details summary screenshot of the error summary img width height alt image src details,
13758,check for updates is disabled in jabref macos version intel jabref version latest release operating system macos details on version and operating system macos checked with the latest development build copy version output from about dialog x i made a backup of my libraries before testing the latest development version x i have tested the latest development version and the problem persists steps to reproduce the behaviour appendix details summary log file summary paste an excerpt of your log file here details,
13748,make a jabref allows for fixing field content example use only one space instead of multiple ones in a field these is called formatters in jabref example org jabref logic formatter bibtexfields normalizewhitespaceformatter the class is such a formatter but its implemetned as cleanup which is wrong cleanups are used for multi field operations task move to package rename to make it remove adapt code accordingly remove from miscallenous section in cleanup dialog add the formatter to only for field micro task fix formatting in the indent is wrong from line on this is a follow up to,
13746,add check integrity to cli current cli commands check consistency check consistency of the library convert convert between bibliography formats fetch fetch entries from a provider generate bib from aux generate small bib from aux file generate citation keys generate citation keys for entries in a bib file pdf manage pdf metadata preferences manage jabkit preferences pseudonymize perform pseudonymization of the library search search in a library misses needs to be added maybe called see,SYSTEM
13735,refine check at linkedfilehandler getsuggestedfilename java lang string the if condition at checks for the reason is that is the default pattern see org jabref logic filepreferences default filename patterns the return of task the return type of should be optional string if the empty string or or default would be returned return an empty optinal note that test cases need to be adapted especially instead of default there will be optional empty adapt to return an empty optional if no brackets could be replaced hint org jabref logic citationkeypattern bracketedpattern expandbrackets java lang string java util function function java lang string java lang string author year add with a junit test for expandbrackets to ensure the claim is current if the claim is correct task should be easy to do by just calling expandbrackets with the empty string function and checking if equals that name background risen by,
13709,get test of consistency check running again was disabled at better asserts maybe with message for true false because we did not see which true false assert failed normally we have one assert per test and not multiple investigate which part of the test fails fix the test,SYSTEM;UI_EDITORS
13708,printing preview throws exception jabref version latest development branch build please note build date below operating system macos details on version and operating system mac os arm checked with the latest development build copy version output from about dialog x i made a backup of my libraries before testing the latest development version x i have tested the latest development version and the problem persists steps to reproduce the behaviour create an entry open the preview tab right click print preview an exception occurs java lang nullpointerexception cannot invoke javafx print printerjob showprintdialog javafx stage window because job is null at org jabref org jabref gui jabrefdialogservice showprintdialog jabrefdialogservice java at org jabref org jabref gui preview previewviewer print previewviewer java at org jabref org jabref gui preview previewpanel lambda createpopupmenu previewpanel java at javafx base com sun javafx event compositeeventhandler dispatchbubblingevent compositeeventhandler java at javafx base com sun javafx event eventhandlermanager dispatchbubblingevent eventhandlermanager java at javafx base com sun javafx event eventhandlermanager dispatchbubblingevent eventhandlermanager java at javafx base com sun javafx event basiceventdispatcher dispatchevent basiceventdispatcher java at javafx base com sun javafx event eventdispatchchainimpl dispatchevent eventdispatchchainimpl java at javafx base com sun javafx event eventutil fireeventimpl eventutil java at javafx base com sun javafx event eventutil fireevent eventutil java at javafx base javafx event event fireevent event java at javafx controls javafx scene control menuitem fire menuitem java at javafx controls com sun javafx scene control contextmenucontent menuitemcontainer doselect contextmenucontent java at javafx controls com sun javafx scene control contextmenucontent menuitemcontainer lambda createchildren contextmenucontent java at javafx base com sun javafx event compositeeventhandler normaleventhandlerrecord handlebubblingevent compositeeventhandler java at javafx base com sun javafx event compositeeventhandler dispatchbubblingevent compositeeventhandler java at javafx base com sun javafx event eventhandlermanager dispatchbubblingevent eventhandlermanager java at javafx base com sun javafx event eventhandlermanager dispatchbubblingevent eventhandlermanager java at javafx base com sun javafx event compositeeventdispatcher dispatchbubblingevent compositeeventdispatcher java at javafx base com sun javafx event basiceventdispatcher dispatchevent basiceventdispatcher java at javafx base com sun javafx event eventdispatchchainimpl dispatchevent eventdispatchchainimpl java at javafx base com sun javafx event basiceventdispatcher dispatchevent basiceventdispatcher java at javafx base com sun javafx event eventdispatchchainimpl dispatchevent eventdispatchchainimpl java at javafx base com sun javafx event basiceventdispatcher dispatchevent basiceventdispatcher java at javafx base com sun javafx event eventdispatchchainimpl dispatchevent eventdispatchchainimpl java at javafx base com sun javafx event basiceventdispatcher dispatchevent basiceventdispatcher java at javafx base com sun javafx event eventdispatchchainimpl dispatchevent eventdispatchchainimpl java at javafx base com sun javafx event eventutil fireeventimpl eventutil java at javafx base com sun javafx event eventutil fireevent eventutil java at javafx base javafx event event fireevent event java at javafx graphics javafx scene scene mousehandler process scene java at javafx graphics javafx scene scene processmouseevent scene java at javafx graphics javafx scene scene scenepeerlistener mouseevent scene java at javafx graphics com sun javafx tk quantum glassvieweventhandler mouseeventnotification get glassvieweventhandler java at javafx graphics com sun javafx tk quantum glassvieweventhandler mouseeventnotification get glassvieweventhandler java at javafx graphics com sun javafx tk quantum quantumtoolkit runwithoutrenderlock quantumtoolkit java at javafx graphics com sun javafx tk quantum glassvieweventhandler handlemouseevent glassvieweventhandler java at javafx graphics com sun glass ui view handlemouseevent view java at javafx graphics com sun glass ui view notifymouse view java at javafx graphics com sun glass ui mac macview notifymouse macview java,UI_CORE
13702,lsp j dependencies are obfuscated not called by their official names is your suggestion for improvement related to a problem please describe i m always frustrated when dependencies are obfuscated by using non canonical names describe the solution you d like in the and modules the dependencies are required as requires lsp j requires lsp j jsonrpc requires lsp j websocket requires lsp j websocket jakarta however the official canonical correct i dare say module names are requires org eclipse lsp j requires org eclipse lsp j jsonrpc requires org eclipse lsp j websocket requires org eclipse lsp j websocket jakarta those module names were chosen by the maintainers of those libs and cannot be changed by a third party i know there is some mapping in place in files this is dependency obfuscation as it makes identifying the dependency unnecessarily difficult for code analyzers that said even the maven group used in the kts files is strangely which does not exist on maven central the group is actually why not just use the original maven central dependency and call the modules by their correct names mapping lines like should be unnecessary then currently i am patching the files manually to link apidia docs to the canonical modules however this issue should rather be fixed at the root,UI_CORE
13700,consistency check dialog not updating until resizing the window when i open the consistency check the list for example does not update when scrolling or clicking etc until i resize the dialog window for other dialogs it works fine for example integrity check img width height alt image src this is the state when trying to click on entries to scroll or switching the entry type after resizing it shows the update but does not show anything else until i resize the window again img width height alt image src,UI_CORE;UI_EDITORS
13695,tests fail when git ssh commit signing is enabled jabref version alpha operating system gnu linux details on version and operating system linux generic amd java javafx checked with the latest development build copy version output from about dialog x i made a backup of my libraries before testing the latest development version x i have tested the latest development version and the problem persists steps to reproduce the behaviour configure git ssh key signing run the tests tests that rely on git client commits fail appendix details summary slrgithandlertest calculatediffonbranch summary forkjoinpool worker org eclipse jgit lib signers loadsigners error org eclipse jgit lib signerfactory module org eclipse jgit does not declare java util serviceconfigurationerror org eclipse jgit lib signerfactory module org eclipse jgit does not declare at java base java util serviceloader fail serviceloader java at java base java util serviceloader checkcaller serviceloader java at java base java util serviceloader init serviceloader java at java base java util serviceloader load serviceloader java at org eclipse jgit r org eclipse jgit lib signers loadsigners signers java at org eclipse jgit r org eclipse jgit lib signers clinit signers java at org eclipse jgit r org eclipse jgit api commitcommand sign commitcommand java at org eclipse jgit r org eclipse jgit api commitcommand call commitcommand java at org jabref jablib org jabref logic git githandler createcommitoncurrentbranch githandler java at org jabref jablib org jabref logic git githandler init githandler java at org jabref jablib org jabref logic git slrgithandler init slrgithandler java at org jabref jablib org jabref logic git slrgithandlertest setupgithandler slrgithandlertest java at java base jdk internal reflect directmethodhandleaccessor invoke directmethodhandleaccessor java at java base java lang reflect method invoke method java at org junit platform commons org junit platform commons util reflectionutils invokemethod reflectionutils java at org junit platform commons org junit platform commons support reflectionsupport invokemethod reflectionsupport java at org junit jupiter engine org junit jupiter engine execution methodinvocation proceed methodinvocation java at org junit jupiter engine org junit jupiter engine execution invocationinterceptorchain validatinginvocation proceed invocationinterceptorchain java at org junit jupiter engine org junit jupiter engine extension timeoutextension intercept timeoutextension java at org junit jupiter engine org junit jupiter engine extension timeoutextension interceptlifecyclemethod timeoutextension java at org junit jupiter engine org junit jupiter engine extension timeoutextension interceptbeforeeachmethod timeoutextension java at org junit jupiter engine org junit jupiter engine execution interceptingexecutableinvoker reflectiveinterceptorcall lambda ofvoidmethod interceptingexecutableinvoker java at org junit jupiter engine org junit jupiter engine execution interceptingexecutableinvoker lambda invoke interceptingexecutableinvoker java at org junit jupiter engine org junit jupiter engine execution invocationinterceptorchain interceptedinvocation proceed invocationinterceptorchain java at org junit jupiter engine org junit jupiter engine execution invocationinterceptorchain proceed invocationinterceptorchain java at org junit jupiter engine org junit jupiter engine execution invocationinterceptorchain chainandinvoke invocationinterceptorchain java at org junit jupiter engine org junit jupiter engine execution invocationinterceptorchain invoke invocationinterceptorchain java at org junit jupiter engine org junit jupiter engine execution interceptingexecutableinvoker invoke interceptingexecutableinvoker java at org junit jupiter engine org junit jupiter engine execution interceptingexecutableinvoker invoke interceptingexecutableinvoker java at org junit jupiter engine org junit jupiter engine descriptor classbasedtestdescriptor invokemethodinextensioncontext classbasedtestdescriptor java at org junit jupiter engine org junit jupiter engine descriptor classbasedtestdescriptor lambda synthesizebeforeeachmethodadapter classbasedtestdescriptor java at org junit jupiter engine org junit jupiter engine descriptor testmethodtestdescriptor lambda invokebeforeeachmethods testmethodtestdescriptor java at org junit jupiter engine org junit jupiter engine descriptor callbacksupport lambda invokebeforecallbacks callbacksupport java at org junit platform engine org junit platform engine support hierarchical throwablecollector execute throwablecollector java at org junit jupiter engine org junit jupiter engine descriptor callbacksupport invokebeforecallbacks callbacksupport java at org junit jupiter engine org junit jupiter engine descriptor testmethodtestdescriptor invokebeforeeachmethods testmethodtestdescriptor java at org junit jupiter engine org junit jupiter engine descriptor testmethodtestdescriptor execute testmethodtestdescriptor java at org junit jupiter engine org junit jupiter engine descriptor testmethodtestdescriptor execute testmethodtestdescriptor java at org junit platform engine org junit platform engine support hierarchical nodetesttask lambda executerecursively nodetesttask java at org junit platform engine org junit platform engine support hierarchical throwablecollector execute throwablecollector java at org junit platform engine org junit platform engine support hierarchical nodetesttask lambda executerecursively nodetesttask java at org junit platform engine org junit platform engine support hierarchical node around node java at org junit platform engine org junit platform engine support hierarchical nodetesttask lambda executerecursively nodetesttask java at org junit platform engine org junit platform engine support hierarchical throwablecollector execute throwablecollector java at org junit platform engine org junit platform engine support hierarchical nodetesttask executerecursively nodetesttask java at org junit platform engine org junit platform engine support hierarchical nodetesttask execute nodetesttask java at org junit platform engine org junit platform engine support hierarchical forkjoinpoolhierarchicaltestexecutorservice exclusivetask exec forkjoinpoolhierarchicaltestexecutorservice java at org junit platform engine org junit platform engine support hierarchical forkjoinpoolhierarchicaltestexecutorservice exclusivetask execsync forkjoinpoolhierarchicaltestexecutorservice java at org junit platform engine org junit platform engine support hierarchical forkjoinpoolhierarchicaltestexecutorservice executesync forkjoinpoolhierarchicaltestexecutorservice java at org junit platform engine org junit platform engine support hierarchical forkjoinpoolhierarchicaltestexecutorservice invokeall forkjoinpoolhierarchicaltestexecutorservice java at org junit platform engine org junit platform engine support hierarchical nodetesttask lambda executerecursively nodetesttask java at org junit platform engine org junit platform engine support hierarchical throwablecollector execute throwablecollector java at org junit platform engine org junit platform engine support hierarchical nodetesttask lambda executerecursively nodetesttask java at org junit platform engine org junit platform engine support hierarchical node around node java at org junit platform engine org junit platform engine support hierarchical nodetesttask lambda executerecursively nodetesttask java at org junit platform engine org junit platform engine support hierarchical throwablecollector execute throwablecollector java at org junit platform engine org junit platform engine support hierarchical nodetesttask executerecursively nodetesttask java at org junit platform engine org junit platform engine support hierarchical nodetesttask execute nodetesttask java at org junit platform engine org junit platform engine support hierarchical forkjoinpoolhierarchicaltestexecutorservice exclusivetask exec forkjoinpoolhierarchicaltestexecutorservice java at org junit platform engine org junit platform engine support hierarchical forkjoinpoolhierarchicaltestexecutorservice exclusivetask execsync forkjoinpoolhierarchicaltestexecutorservice java at org junit platform engine org junit platform engine support hierarchical forkjoinpoolhierarchicaltestexecutorservice executesync forkjoinpoolhierarchicaltestexecutorservice java at org junit platform engine org junit platform engine support hierarchical forkjoinpoolhierarchicaltestexecutorservice invokeall forkjoinpoolhierarchicaltestexecutorservice java at org junit platform engine org junit platform engine support hierarchical nodetesttask lambda executerecursively nodetesttask java at org junit platform engine org junit platform engine support hierarchical throwablecollector execute throwablecollector java at org junit platform engine org junit platform engine support hierarchical nodetesttask lambda executerecursively nodetesttask java at org junit platform engine org junit platform engine support hierarchical node around node java at org junit platform engine org junit platform engine support hierarchical nodetesttask lambda executerecursively nodetesttask java at org junit platform engine org junit platform engine support hierarchical throwablecollector execute throwablecollector java at org junit platform engine org junit platform engine support hierarchical nodetesttask executerecursively nodetesttask java at org junit platform engine org junit platform engine support hierarchical nodetesttask execute nodetesttask java at org junit platform engine org junit platform engine support hierarchical forkjoinpoolhierarchicaltestexecutorservice exclusivetask exec forkjoinpoolhierarchicaltestexecutorservice java at java base java util concurrent forkjointask doexec forkjointask java at java base java util concurrent forkjoinpool workqueue toplevelexec forkjoinpool java at java base java util concurrent forkjoinpool runworker forkjoinpool java at java base java util concurrent forkjoinworkerthread run forkjoinworkerthread java forkjoinpool worker org jabref logic git githandler init error initialization failed details details summary semanticconflictdetectortest semanticconflicts summary org eclipse jgit api errors unsupportedsigningformatexception no signer for ssh signatures use another signature type for git config gpg format or do not sign at org eclipse jgit r org eclipse jgit api commitcommand sign commitcommand java at org eclipse jgit r org eclipse jgit api commitcommand call commitcommand java at org jabref jablib org jabref logic git util semanticconflictdetectortest writeandcommit semanticconflictdetectortest java at org jabref jablib org jabref logic git util semanticconflictdetectortest writeandcommit semanticconflictdetectortest java at org jabref jablib org jabref logic git util semanticconflictdetectortest semanticconflicts semanticconflictdetectortest java at java base java lang reflect method invoke method java at java base java util optional ifpresent optional java at java base java util stream foreachops foreachop ofref accept foreachops java at java base java util stream referencepipeline accept referencepipeline java at java base java util stream foreachops foreachop ofref accept foreachops java at java base java util stream foreachops foreachop ofref accept foreachops java at java base java util stream referencepipeline accept referencepipeline java at java base java util spliterators arrayspliterator foreachremaining spliterators java at java base java util stream referencepipeline head foreach referencepipeline java at java base java util stream referencepipeline flatmap accept referencepipeline java at java base java util stream referencepipeline accept referencepipeline java at java base java util stream referencepipeline accept referencepipeline java at java base java util stream referencepipeline accept referencepipeline java at java base java util spliterators arrayspliterator foreachremaining spliterators java at java base java util stream abstractpipeline copyinto abstractpipeline java at java base java util stream abstractpipeline wrapandcopyinto abstractpipeline java at java base java util stream foreachops foreachop evaluatesequential foreachops java at java base java util stream foreachops foreachop ofref evaluatesequential foreachops java at java base java util stream abstractpipeline evaluate abstractpipeline java at java base java util stream referencepipeline foreach referencepipeline java at java base java util stream referencepipeline flatmap accept referencepipeline java at java base java util arraylist arraylistspliterator foreachremaining arraylist java at java base java util stream abstractpipeline copyinto abstractpipeline java at java base java util stream abstractpipeline wrapandcopyinto abstractpipeline java at java base java util stream foreachops foreachop evaluatesequential foreachops java at java base java util stream foreachops foreachop ofref evaluatesequential foreachops java at java base java util stream abstractpipeline evaluate abstractpipeline java at java base java util stream referencepipeline foreach referencepipeline java at java base java util stream referencepipeline flatmap accept referencepipeline java at java base java util stream referencepipeline accept referencepipeline java at java base java util stream referencepipeline accept referencepipeline java at java base java util stream referencepipeline accept referencepipeline java at java base java util arraylist arraylistspliterator foreachremaining arraylist java at java base java util stream abstractpipeline copyinto abstractpipeline java at java base java util stream abstractpipeline wrapandcopyinto abstractpipeline java at java base java util stream foreachops foreachop evaluatesequential foreachops java at java base java util stream foreachops foreachop ofref evaluatesequential foreachops java at java base java util stream abstractpipeline evaluate abstractpipeline java at java base java util stream referencepipeline foreach referencepipeline java at java base java util concurrent forkjointask doexec forkjointask java at java base java util concurrent forkjoinpool workqueue toplevelexec forkjoinpool java at java base java util concurrent forkjoinpool runworker forkjoinpool java at java base java util concurrent forkjoinworkerthread run forkjoinworkerthread java details details summary ssh configuration summary user name chris denman user email address icloud com user signingkey home cdenman ssh my key pub core autocrlf input init defaultbranch main gpg format ssh commit gpgsign true tag gpgsign true gpg ssh allowedsignersfile home cdenman git allowed signers details,UI_CORE
13673,uncaught exception in threewaymerge dialog when looking up bibliographic information from doi jabref version latest development branch build please note build date below operating system macos details on version and operating system no response checked with the latest development build copy version output from about dialog x i made a backup of my libraries before testing the latest development version x i have tested the latest development version and the problem persists steps to reproduce the behaviour it only happens for specific entries the stacktrace is obvious enough definition of done unit tests appendix details summary log file summary java util nosuchelementexception no value present at java base java util optional get optional java at org jabref jablib org jabref logic bibtex comparator yearfieldvalueplausibilitycomparator compare yearfieldvalueplausibilitycomparator java at org jabref org jabref gui mergeentries threewaymerge fieldrowviewmodel autoselectbettervalue fieldrowviewmodel java at org jabref org jabref gui mergeentries threewaymerge fieldrowview autoselectbettervalue fieldrowview java at org jabref org jabref gui mergeentries threewaymerge threewaymergeview autoselectbetterfields threewaymergeview java at org jabref org jabref gui mergeentries threewaymerge mergeentriesdialog autoselectbetterfields mergeentriesdialog java at org jabref org jabref gui mergeentries fetchandmergeentry showmergedialog fetchandmergeentry java at org jabref org jabref gui mergeentries fetchandmergeentry lambda fetchandmerge fetchandmergeentry java at org jabref org jabref gui util uitaskexecutor lambda getjavafxtask uitaskexecutor java at javafx base com sun javafx event compositeeventhandler dispatchbubblingevent compositeeventhandler java at javafx base com sun javafx event eventhandlermanager dispatchbubblingevent eventhandlermanager java at javafx base com sun javafx event eventhandlermanager dispatchbubblingevent eventhandlermanager java at javafx base com sun javafx event basiceventdispatcher dispatchevent basiceventdispatcher java at javafx base com sun javafx event eventdispatchchainimpl dispatchevent eventdispatchchainimpl java at javafx base com sun javafx event eventutil fireeventimpl eventutil java at javafx base com sun javafx event eventutil fireevent eventutil java at javafx base javafx event event fireevent event java at javafx graphics javafx concurrent eventhelper fireevent eventhelper java at javafx graphics javafx concurrent task fireevent task java at javafx graphics javafx concurrent task setstate task java at javafx graphics javafx concurrent task taskcallable lambda call task java at javafx graphics com sun javafx application platformimpl lambda runlater platformimpl java at javafx graphics com sun glass ui invokelaterdispatcher future run invokelaterdispatcher java details,
13639,add button to shorten the doi jabref renders the doi in general doi example doi img width height alt image src see this open jabref new example library tokede jabref allows to shorten the doi using the cleanup dialog quality cleanup entries img width height alt image src result bt n although this is technically ok there should be a better way a button shorten at the doi editor img width height alt image src task copy to add button shortendoi you need to find a nice glyph copy to new package to move to the new package remove doi logic from adapt to contain the new button w the shortdoi functionality add an at before to return the,UI_EDITORS
13635,uncaught java lang indexoutofboundsexception jabref version other please describe below operating system gnu linux details on version and operating system opensuse tumbleweed checked with the latest development build copy version output from about dialog x i made a backup of my libraries before testing the latest development version x i have tested the latest development version and the problem persists steps to reproduce the behaviour paste a string of semi colon separated keywords into the keywords field plain ascii total of characters indexoutofboundsexception keywords are added as expected modified library remains unsaved as expected update removing keywords by clicking on the x also produces the exception adding keywords in a custom tab or in the general tab has the same result the resulting source appears normal editing the source also produces the exception jabref linux default amd java javafx appendix details summary log file summary java lang indexoutofboundsexception range out of bounds for length at java base jdk internal util preconditions outofbounds preconditions java at java base jdk internal util preconditions outofboundscheckfromtoindex preconditions java at java base jdk internal util preconditions checkfromtoindex preconditions java at java base java util objects checkfromtoindex objects java at javafx base com sun javafx collections observablelistwrapper remove observablelistwrapper java at javafx base com sun javafx binding bidirectionalcontentbinding listcontentbinding onchanged bidirectionalcontentbinding java at javafx base com sun javafx binding listexpressionhelper generic notifylisteners listexpressionhelper java at javafx base com sun javafx binding listexpressionhelper generic firevaluechangedevent listexpressionhelper java at javafx base com sun javafx binding listexpressionhelper firevaluechangedevent listexpressionhelper java at javafx base javafx beans property listpropertybase firevaluechangedevent listpropertybase java at javafx base javafx beans property listpropertybase lambda new listpropertybase java at javafx base com sun javafx collections listlistenerhelper singlechange firevaluechangedevent listlistenerhelper java at javafx base com sun javafx collections listlistenerhelper firevaluechangedevent listlistenerhelper java at javafx base javafx collections observablelistbase firechange observablelistbase java at javafx base javafx collections listchangebuilder commit listchangebuilder java at javafx base javafx collections listchangebuilder endchange listchangebuilder java at javafx base javafx collections observablelistbase endchange observablelistbase java at javafx base javafx collections modifiableobservablelistbase setall modifiableobservablelistbase java at javafx base javafx beans binding listexpression setall listexpression java at org jabref org jabref gui util bindingshelper lambda bindcontentbidirectional bindingshelper java at org jabref org jabref gui util bindingshelper bidirectionallistbinding changed bindingshelper java at javafx base com sun javafx binding expressionhelper generic firevaluechangedevent expressionhelper java at javafx base com sun javafx binding expressionhelper firevaluechangedevent expressionhelper java at javafx base javafx beans property stringpropertybase firevaluechangedevent stringpropertybase java at javafx base javafx beans property stringpropertybase markinvalid stringpropertybase java at javafx base javafx beans property stringpropertybase set stringpropertybase java at javafx base javafx beans property stringpropertybase set stringpropertybase java at javafx base javafx beans property stringproperty setvalue stringproperty java at javafx base javafx beans property stringproperty setvalue stringproperty java at org jabref org jabref gui util bindingshelper bidirectionalbinding updatelocked bindingshelper java at org jabref org jabref gui util bindingshelper bidirectionalbinding changedb bindingshelper java at javafx base com sun javafx binding expressionhelper singlechange firevaluechangedevent expressionhelper java at javafx base com sun javafx binding expressionhelper firevaluechangedevent expressionhelper java at javafx base javafx beans binding objectbinding invalidate objectbinding java at javafx base com sun javafx binding bindinghelperobserver invalidated bindinghelperobserver java at javafx base com sun javafx collections maplistenerhelper generic firevaluechangedevent maplistenerhelper java at javafx base com sun javafx collections maplistenerhelper firevaluechangedevent maplistenerhelper java at javafx base com sun javafx collections observablemapwrapper callobservers observablemapwrapper java at javafx base com sun javafx collections observablemapwrapper put observablemapwrapper java at org jabref jablib org jabref model entry bibentry setfield bibentry java at org jabref jablib org jabref model entry bibentry setfield bibentry java at org jabref org jabref gui fieldeditors abstracteditorviewmodel lambda bindtoentry abstracteditorviewmodel java at org jabref org jabref gui util bindingshelper bidirectionalbinding updatelocked bindingshelper java at org jabref org jabref gui util bindingshelper bidirectionalbinding changeda bindingshelper java at javafx base com sun javafx binding expressionhelper generic firevaluechangedevent expressionhelper java at javafx base com sun javafx binding expressionhelper firevaluechangedevent expressionhelper java at javafx base javafx beans property stringpropertybase firevaluechangedevent stringpropertybase java at javafx base javafx beans property stringpropertybase markinvalid stringpropertybase java at javafx base javafx beans property stringpropertybase set stringpropertybase java at javafx base javafx beans property stringpropertybase set stringpropertybase java at javafx base javafx beans property stringproperty setvalue stringproperty java at javafx base javafx beans property stringproperty setvalue stringproperty java at org jabref org jabref gui util bindingshelper lambda bindcontentbidirectional bindingshelper java at org jabref org jabref gui util bindingshelper bidirectionallistbinding onchanged bindingshelper java at javafx base com sun javafx binding listexpressionhelper generic notifylisteners listexpressionhelper java at javafx base com sun javafx binding listexpressionhelper generic firevaluechangedevent listexpressionhelper java at javafx base com sun javafx binding listexpressionhelper firevaluechangedevent listexpressionhelper java at javafx base javafx beans property listpropertybase firevaluechangedevent listpropertybase java at javafx base javafx beans property listpropertybase lambda new listpropertybase java at javafx base com sun javafx collections listlistenerhelper singlechange firevaluechangedevent listlistenerhelper java at javafx base com sun javafx collections listlistenerhelper firevaluechangedevent listlistenerhelper java at javafx base javafx collections observablelistbase firechange observablelistbase java at javafx base javafx collections listchangebuilder commit listchangebuilder java at javafx base javafx collections listchangebuilder endchange listchangebuilder java at javafx base javafx collections observablelistbase endchange observablelistbase java at javafx base javafx collections modifiableobservablelistbase addall modifiableobservablelistbase java at javafx base javafx beans binding listexpression addall listexpression java at javafx base com sun javafx binding bidirectionalcontentbinding listcontentbinding onchanged bidirectionalcontentbinding java at javafx base com sun javafx collections listlistenerhelper generic firevaluechangedevent listlistenerhelper java at javafx base com sun javafx collections listlistenerhelper firevaluechangedevent listlistenerhelper java at javafx base javafx collections observablelistbase firechange observablelistbase java at javafx base javafx collections listchangebuilder commit listchangebuilder java at javafx base javafx collections listchangebuilder endchange listchangebuilder java at javafx base javafx collections observablelistbase endchange observablelistbase java at javafx base javafx collections modifiableobservablelistbase add modifiableobservablelistbase java at java base java util abstractlist add abstractlist java at com dlsc gemsfx com dlsc gemsfx tagsfield addtagcommand execute tagsfield java at com dlsc gemsfx com dlsc gemsfx tagsfield execute tagsfield java at com dlsc gemsfx com dlsc gemsfx tagsfield addtags tagsfield java at org jabref org jabref gui fieldeditors keywordseditor lambda new keywordseditor java at java base java util arraylist arraylistspliterator foreachremaining arraylist java at java base java util stream referencepipeline head foreach referencepipeline java at org jabref org jabref gui fieldeditors keywordseditor lambda new keywordseditor java at javafx base com sun javafx event compositeeventhandler dispatchbubblingevent compositeeventhandler java at javafx base com sun javafx event eventhandlermanager dispatchbubblingevent eventhandlermanager java at javafx base com sun javafx event eventhandlermanager dispatchbubblingevent eventhandlermanager java at javafx base com sun javafx event compositeeventdispatcher dispatchbubblingevent compositeeventdispatcher java at javafx base com sun javafx event basiceventdispatcher dispatchevent basiceventdispatcher java at javafx base com sun javafx event eventdispatchchainimpl dispatchevent eventdispatchchainimpl java at javafx base com sun javafx event basiceventdispatcher dispatchevent basiceventdispatcher java at javafx base com sun javafx event eventdispatchchainimpl dispatchevent eventdispatchchainimpl java at javafx base com sun javafx event basiceventdispatcher dispatchevent basiceventdispatcher java at javafx base com sun javafx event eventdispatchchainimpl dispatchevent eventdispatchchainimpl java at javafx base com sun javafx event basiceventdispatcher dispatchevent basiceventdispatcher java at javafx base com sun javafx event eventdispatchchainimpl dispatchevent eventdispatchchainimpl java at javafx base com sun javafx event basiceventdispatcher dispatchevent basiceventdispatcher java at javafx base com sun javafx event eventdispatchchainimpl dispatchevent eventdispatchchainimpl java at javafx base com sun javafx event basiceventdispatcher dispatchevent basiceventdispatcher java at javafx base com sun javafx event eventdispatchchainimpl dispatchevent eventdispatchchainimpl java at javafx base com sun javafx event basiceventdispatcher dispatchevent basiceventdispatcher java at javafx base com sun javafx event eventdispatchchainimpl dispatchevent eventdispatchchainimpl java at javafx base com sun javafx event basiceventdispatcher dispatchevent basiceventdispatcher java at javafx base com sun javafx event eventdispatchchainimpl dispatchevent eventdispatchchainimpl java at javafx base com sun javafx event basiceventdispatcher dispatchevent basiceventdispatcher java at javafx base com sun javafx event eventdispatchchainimpl dispatchevent eventdispatchchainimpl java at javafx base com sun javafx event basiceventdispatcher dispatchevent basiceventdispatcher java at javafx base com sun javafx event eventdispatchchainimpl dispatchevent eventdispatchchainimpl java at javafx base com sun javafx event basiceventdispatcher dispatchevent basiceventdispatcher java at javafx base com sun javafx event eventdispatchchainimpl dispatchevent eventdispatchchainimpl java at javafx base com sun javafx event basiceventdispatcher dispatchevent basiceventdispatcher java at javafx base com sun javafx event eventdispatchchainimpl dispatchevent eventdispatchchainimpl java at javafx base com sun javafx event eventutil fireeventimpl eventutil java at javafx base com sun javafx event eventutil fireevent eventutil java at javafx graphics javafx scene scene processkeyevent scene java at javafx graphics javafx scene scene scenepeerlistener keyevent scene java at javafx graphics com sun javafx tk quantum glassvieweventhandler keyeventnotification get glassvieweventhandler java at javafx graphics com sun javafx tk quantum glassvieweventhandler keyeventnotification get glassvieweventhandler java at javafx graphics com sun javafx tk quantum quantumtoolkit runwithoutrenderlock quantumtoolkit java at javafx graphics com sun javafx tk quantum glassvieweventhandler handlekeyevent glassvieweventhandler java at javafx graphics com sun glass ui view handlekeyevent view java at javafx graphics com sun glass ui view notifykey view java at javafx graphics com sun glass ui gtk gtkapplication runloop native method at javafx graphics com sun glass ui gtk gtkapplication lambda runloop gtkapplication java at java base java lang thread run thread java details,UI_EDITORS
13631,junie improve test output test findmissinglocalizationkeys failed org opentest j assertionfailederror detected language keys which are not in the english language file paste these into the english language file jabref en properties search for a proper place typically related keys are grouped together if a similar key is already present please adapt your language instead of adding load to translators by adding a new key also called backward citations also called backward citations also called forward citations also called forward citations should be test findmissinglocalizationkeys failed org opentest j assertionfailederror detected language keys which are not in the english language file paste these into the english language file jabref en properties search for a proper place typically related keys are grouped together if a similar key is already present please adapt your language instead of adding load to translators by adding a new key also called backward citations also called backward citations also called forward citations also called forward citations task improve,
13623,junie use citeproc java s markdown conversion offers markdown output this could be more advanced than a simple html to markdown conversion we implemented in task add unit tests to show the citeproc java markdown conversion results below in this is more a documentation for jabref developers than a real test at introduce a check if csl is used if yes use citeprocs conversion if not use flexmark hint could be a bit more complicated due to visiblity etc note this is a follow up to,
13622,jabkit should display help when started without any argument when starting jabkit for example using it should show the help currently it only shows this and exits img width height alt image src instead it should look like this img width height alt image src,
13619,make citation relations text more clear current state start jabref click on new exmaple library select ding select tab citatoin relations see img width height alt image src the text cites and cited by is confiusing rename cites to references cites add tooltip on hover works cited by the work at hand rename cited by to citations this paper is cited by add tooltip on hover works citing the work at hand see for hints on localization strings,EXTERNAL
13618,merge citation information and citation relations current state start jabref click on new exmaple library select ding select tab citation information see img width height alt image src select tab citation relations see img width height alt image src since tab citation information does not take much information it can be merged into a new section within citation relations if that new section requires a header then name it metrics expected result img width height alt image src task rename tab citation relations to citations move org jabref gui entryeditor scitetabviewmodel fetchtallies to new class in package in module introduce if handled by gson otherwise class to handle from tallies endpoint viewmodel should transform to ui information it is ok to include in you can also nest two javafx component in the tab citation relations notes json response from view source json total supporting contradicting mentioning unclassified doi citingpublications for localization see,EXTERNAL
13617,add string constructor old code bibdatabasecontext bibdatabasecontext bibtexparser jabrefclipreferences getimportformatpreferences parse stringreader of content getdatabasecontext desired coe bibdatabasecontext bibdatabasecontext new bibdatabasecontext input importformatpreferences also bibdatabasecontext bibdatabasecontext new bibdatabasecontext inputstream importformatpreferences task add two new constructors to bibdatabasecontext rewrite all code calling this also test cases this is similar to maybe chrisdenman you want to take this as another finger exercise,QUALITY
13613,add a copy constructor for is your suggestion for improvement related to a problem please describe using is the old way in java nowadays you should use either a copy constructor or a factory method describe the solution you d like implement a copy constructor for java public class bibentry implements cloneable remove public bibentry bibentry other additional context you will also need to find where were used and change the code to use the new constructor,LOGIC_DATA;QUALITY
13607,migrate fetcher to search g in we migrate d away from lucene syntax back to we need to migrate the web search and consequently the slr search refs the converter should be already contained in for converting the groups to a new syntax after this issue can be handled,EXTERNAL
13602,use list data structure at keyword of at there is used convert it to adapt callers adapt tests use instead of strings,
13599,fix darkmode in of citation relations tab of the entry editor jabref version alpha operating system windows details on version and operating system windows checked with the latest development build copy version output from about dialog x i made a backup of my libraries before testing the latest development version x i have tested the latest development version and the problem persists steps to reproduce the behaviour add an entry to your library open the entry editor by double clicking on the entry switch to the citation relations tab the symbol shows the bibtex source the dialog looks horrible in dark mode and needs a fix img width height alt image src appendix no response,EXTERNAL;UI_CORE
13597,focus specify bib la tex when bib la tex is in clipboard copy following to your clipboard bibtex article author oliver kopp and carl christian snethlage and christoph schwentker journal tugboat title jabref bibtex based literature management software year issn number pages volume issue ranking rank click on the new entry button img width height alt image src see that enter identifier is selected desired behavior specify bib la tex should be selected task modify use heuristics that string starts with and then has letters and then has if match select tab set text and select all similar to handling of identifiers,
13588,create bibentryresource jabref has a build in http server currently the bibentry handling is included at org jabref task move all annotated methods to which needs to be created add bibentryresource to org jabref check that everything works using jabsrv src test rest api create similar to org jabref but test bibentry annoted methods should be kept we handle bibdatabasecontext and bibdatabase both in currently,
13586,contribution guide points to non existent url jabref version latest development branch build please note build date below operating system windows details on version and operating system ref d f checked with the latest development build copy version output from about dialog x i made a backup of my libraries before testing the latest development version x i have tested the latest development version and the problem persists steps to reproduce the behaviour i was reading the contribution guidelines and tried to reach the high level documentation using the url in step of the pull request process the page was not found img width height alt image src appendix no response,
13585,rename openai provider to openai or api compatible is your suggestion for improvement related to a problem please describe jabref supports custom local llms this is implemented by supplying a custom api base url this is reflected in our user documentation however it s not plain in settings describe the solution you d like rename provider to additional context none,UI_CORE
13582,states of files draft maybe submitted final version camera ready with tagged authorarchive or not publisher version typest camera ready annotated when sharing with others the final version is the one to share maybe publisher version sometimes one also has the conference presentation that could also be coleldcted our file field should explicitly support this the file name convention i use is to put the suffixes there and leve the suffix out for final version img width height alt image src the file field should have some magic main table should open anoted final publisher submitted draft,UI_CORE;UI_EDITORS
13578,add additional cayw formatters in the formatterservice and the biblatex format were added the according classes are located in to fully comply with the cayw feature from better bibtex the formats which are listed here should be added too especially natbib latex citep mmd pandoc typst for the first three it could be good to refactor the caywformatter by extending the current formatname to be a list so one formatter could also have aliases instead of one name additionally one should also write tests for those formatters so we can make sure they work correctly in addition to basic tests http tests on libraryresourcetest are desired,
13576,jabref comment refers to tests instead of source code tests jabref version latest development branch build please note build date below operating system other please describe below details on version and operating system github actions through website checked with the latest development build copy version output from about dialog x i made a backup of my libraries before testing the latest development version x i have tested the latest development version and the problem persists steps to reproduce the behaviour i received an email from jabref machine with this body you modified markdown md files and did not meet jabref s rules for consistently formatted markdown files to ensure consistent styling we have markdown lint in place markdown lint s rules help to keep our markdown files consistent within this repository and consistent with the markdown files outside here you can check the detailed error output by navigating to your pull request selecting the tab checks section tests on the left subsection markdown i appreciated the pointer to the test output however the section is source code tests not tests img width height alt image src appendix no response,
13561,automatic lookup of doi at citation information in the tab citation information if there is no doi offer a link to determine the doi img width height alt image src the text the entry does not have a doi should be replaced by the functionlity at the tab citation relations see pr img width height alt image src when clicked the text should change to looking up doi if no doi found notifiy users no doi found and change to initial state if doi found use it for lookin up information in this tab add following paper to jabref bibtex inproceedings edwards author s h edwards booktitle proceedings of the th sigcse technical symposium on computer science education date title using software testing to move students from trial and error to reflection in action pages click on citation information img width height alt image src now switch to general and click look up doi image see that a doi is dermined image then switch to onther entry or create a new one swich back then citation information should work if there was no network error img width height alt image src,
13560,jabgui bat fails due to overlong line jabref version latest development branch build please note build date below operating system windows details on version and operating system windows home h checked with the latest development build copy version output from about dialog jabref windows amd java javafx x i made a backup of my libraries before testing the latest development version x i have tested the latest development version and the problem persists cloned and built on july steps to reproduce the behaviour open the windows command prompt or powershell run run run the following error occurs the input line is too long the syntax of the command is incorrect windows command prompt has a line limit of characters the underlying problem is an open gradle issue there are known workarounds such as classpath to file gradle plugin if you want to keep supporting native windows shells it s not an issue for developers who install git for windows which comes with a bash shell this is the line that causes the error set module path app home lib jabgui jar app home lib jabsrv jar app home lib jablib jar app home lib gemsfx jar app home lib pdfviewfx jar app home lib afterburner fx jar app home lib javafx swing win jar app home lib javafx web win jar app home lib fxthemes jar app home lib jdk jsobject ea module jar app home lib java keyring module jar app home lib mvvmfx module jar app home lib appendix no response,
13559,libreoffice writer and jabref jabref version latest release operating system windows details on version and operating system windows checked with the latest development build copy version output from about dialog x i made a backup of my libraries before testing the latest development version x i have tested the latest development version and the problem persists steps to reproduce the behaviour i open a libreoffice writer file i insert a reference with jabref i place the cursor at the end of the reference i press the space button problem the reference is extended so i can t add more text after the reference appendix img width height alt image src details summary log file summary paste an excerpt of your log file here details,
13558,jabref dialog doesn t respect font size jabref version latest development branch build please note build date below operating system windows details on version and operating system windows checked with the latest development build copy version output from about dialog x i made a backup of my libraries before testing the latest development version x i have tested the latest development version and the problem persists steps to reproduce the behaviour go to settings change the font size to some nondefault value in the general tab open about dialog and the dialog doesn t respect font size img width height alt image src furthermore note that some elements don t properly resize the layout upon changing the font size and typically an application restart is really required to make the layout fully adapt to this font size change the screen shot below is using the welcometab in development for demonstration but i think this effect is also generalizable img width height alt image src appendix details summary log file summary paste an excerpt of your log file here details,
13536,jabref does not start on intel macs known good commit this one is also good one needs to do some checout magic to get it working first bad commit first reported at proposal add a catch for a runtimeexception at theme switching and just log an error do not crash complete jabref,
13509,change module names in we switched the build tooling thereby we renamed java modules this causes issues task semantically revert the update adapt module names in to generate the names as they were before adapt all accordingly the diff for one module java is determined as follows bash git diff f fe b f d f fe cbdb main jablib src main java module info java this has to be reverted and new updates be kept diff requires flexmark requires flexmark html md converter requires flexmark util ast requires flexmark util data requires com vladsch flexmark requires com vladsch flexmark html md converter requires com vladsch flexmark util ast and much more hints this is a good to about build systems this issue cannot be solved with an ai alone you really have to think though the build systems for yourself take this issue only if you are willing to invest significant time execute the gradle task jabgui application run to check if the system builds if not you need to adapt the and or files this is more a code and fix task the build will take some seconds until you get feedback reserve some time and be prepared to idle a first test is that jabgui runs tests if it fits for can be done by you will find the jars by everything is much effort if this is too much effort for you you can submit a pr and then ask to check,
13486,dialog add file link should focus field link when opening when the add file link dialog is opened the text field labeled link should be focused automatically this improves usability by allowing immediate typing without requiring a mouse click steps to reproduce open jabref create a new library file new library click the button in the toolbar to add a new entry in the entry editor select the general tab in the file section click the button the add file link dialog appears the link field is not focused img width height alt image src expected behavior the cursor should automatically be placed in the link field when the dialog opens good first issue this is a simple ui improvement relevant code is in,UI_CORE
13482,add title based auto linking for pdf files problem jabref currently supports three auto linking strategies to associate files with entries starts with citation key exact match with citation key custom regular expression img width height alt image src however these strategies fall short when the file name does not include the citation key many users name files based on the title making it impossible to auto link them with the current strategies goal implement a new title based fuzzy matching strategy for auto linking files to entries this will improve usability for users who name their files using parts of the publication title tasks create a new class package use the title field of the bibentry for matching implement a robust matching strategy convert latex title to unicode clean invalid characters match using substring optional jaro winkler similarity with a threshold e g write unit tests focus on edge cases unicode cleaned filenames and fuzzy similarity integrate into preferences update modify extend the preferences ui to support selecting this new strategy why this is a good first issue introduces you to test driven development touches core parts of jabref logic layer ui and preferences requires critical thinking not solvable by ai but rewarding to implement you ll learn about string similarity file i o and jabref s data model related work feature request prior art pr interested start by checking how works and mimic the structure then expand and adapt for titles let us know if you need any help to get started,
13481,development rpms are missing jabref version latest development branch build please note build date below operating system gnu linux details on version and operating system fedora checked with the latest development build copy version output from about dialog x i made a backup of my libraries before testing the latest development version x i have tested the latest development version and the problem persists steps to reproduce the behaviour appendix details summary log file summary paste an excerpt of your log file here details,UI_CORE
13477,add citation count field including semantic scholar fetcher motivation citation count provides a useful indicator of the academic impact of a publication automating the population of this field from semantic scholar saves manual effort and enhances bibliographic data quality in jabref goal extend the existing to retrieve the citation count for a given paper using the semantic scholar api and store it in a new bibtex field tasks integrate citation count fetching implement logic in using from add a new field define a new field in under jabref specific fields ensure that the field is recognized and included in citation fetcher updates write tests add unit tests in to verify that citation count is fetched and set correctly additonally mock or simulate semantic scholar api responses with citation counts ui integration add a new fieldeditor inspired by identifiereditor and integrate it into the ui by modifying fieldeditors getforfield add an update button which uses the semanticscholarfetcher to update the citation cound acceptance criteria when the fetcher is run on an entry with a doi or title and semantic scholar returns a citation count the value is written to the field the value is stored as an integer field appears in the entry editor in tab general helpful resources semantic scholar api paperdetails semanticscholarcitationfetcher how to contribute to jabref developer docs,
13476,add support for automatic icore conference ranking lookup motivation the icore international core conference rankings is a ranking of computer science conferences a a b c in jabref we want to add a new field that stores the icore ranking of a given conference users often want to know how highly ranked a paper s venue is you can search conferences manually via the icore website but this should be automated example search result img width height alt image src goal when a bibtex entry includes a conference title like the tool should extract the acronym in parentheses sera search the icore rankings for this acronym if a match is found e g sera has rank c populate the new icoreranking field with that value if no exact match is found fall back to fuzzy matching using similarity scoring tasks move duplicatecheck similarity from org jabref logic database to a new utility class org jabref logic util strings stringsimilarity add icore csv to src main resources create a class that loads and indexes the icore data at instantiation implement the logic to detect and return the ranking from a full conference name create a new field icoranking icoranking and add it to org jabref model entry field standardfield at the jabref specific fields section create a new field editor icorerankingeditor inspired by identifiereditor and integrate it into the ui by modifying fieldeditors getforfield tghe lookup button like doi lookup to lookup the ranking in the file write unit tests for acronym matching and similarity fallback test end to end behavior via tdd helpful resources previous pull request one can learn about an initial idea and review comments on it how to contribute to jabref jabref developer documentation icore rankings csv export csv,
13467,mode aware consistency check we have a library consistency check for checking whether fields in a set of entries are set unset consistently currently this is not aware of the difference of bibtex and biblatex this is a good excercise to learn test driven development and using a data model this issue cannot be solved with an ai you really have to think though bibtex and biblatex for yourself take this issue only if you are willing to invest significant time example bibtex online withdate date urldate online withoutdate urldate in bibtex only field should be reported because both entries take in biblatex only field missing should be reported because required field is missing task modify to use a complete instead of a list of entries modify to adhere the mode hints required fields of biblatex get used to and one can get the required fields using do test driven development start with enabling again do not get confused with library and database user facing we talk about library inside the code we use database but mean library,UI_EDITORS
13463,add http port configuration introduced a http server only enable disable can be configured add configuration option and use it at start you can look at remotelistener how this works default port is img width height alt image src,UI_EDITORS
13431,refactor split into and the functionality of moves to no and variables for single constructors for both no changelog md entry as this is not user facing no tests needed,QUALITY
13428,do not sign if no signing key is available follow up to we check in the workflow whether a signing key is avaiable if there is no key we silently do not sign cc jjohannes currently it simply fails image,UI_CORE
13426,rewrite this method is quite old needs to be modernized stringbuilder instead of string array authors need to be routed through the title needs to be routed through to have all the latex things converted properly,QUALITY
13423,fix publication since the update publication does not work execution failed for task jablib generatemetadatafileformavenpublication invalid publication maven publication only contains dependencies and or constraints without a version you should add minimal version information publish resolved versions for more on this please refer to in the gradle documentation or reference a platform for more platforms please refer to in the gradle documentation disable this check by adding dependencies without versions to the suppressed validations of the jablib generatemetadatafileformavenpublication task,
13421,fix docker build our docker build fails caused by merging options include the checkout hack in the ci include the gradle plugin update as submodule wait that is released and clean up the build accordingly i propose to accept the failing builds and hope for option,
13420,fix org jabref logic openoffice oocsltext cslformatutilstest i merged too fast tests fail task adapt the tests so that the expectations conform with the input a nice exercise how to use show differences in intellij see for an initial howto how to run tests using intellij org jabref logic openoffice oocsltext cslformatutilstest updatesinglenumericbibliography string citationstyle test b smith b jones and j williams title of the test entry i bibtex journal i vol no pp jul doi bla blubb p p ieee failed org opentest j assertionfailederror expected b smith b jones and j williams title of the test entry i bibtex journal i vol no pp jul doi bla blubb p p but was b smith b jones and j williams title of the test entry i bibtex journal i vol no pp july doi bla blubb p p oohtmltransformfromrawbibliography string citationstyle test b smith b jones and j williams title of the test entry i bibtex journal i vol no pp jul doi bla blubb p p ieee failed org opentest j assertionfailederror expected b smith b jones and j williams title of the test entry i bibtex journal i vol no pp jul doi bla blubb p p but was b smith b jones and j williams title of the test entry i bibtex journal i vol no pp july doi bla blubb p p test smith b jones b williams j title of the test entry taylor p editor bibtex journal internet jul available from vancouver failed org opentest j assertionfailederror expected smith b jones b williams j title of the test entry taylor p editor bibtex journal internet jul available from but was smith b jones b williams j title of the test entry taylor p editor bibtex journal internet july available from,
13418,search shortsience should to a latex to unicode conversion i have the title the difference between graph based and block structured business process modelling languages i click search shortsience the braces are searched image before the search is done the title should be converted to unicode hnts try to use for the conversion add test case image bibtex article kopp author oliver kopp and daniel martin and daniel wutke and frank leymann journal enterprise modelling and information systems title the difference between graph based and block structured business process modelling languages year month jun number pages volume,
13400,extend europe pmc fetcher with fulltxext and more types please use the github issue tracker only for bug reports and smaller suggestions for improvements requests for completely new features questions and general feedback is now handled at thanks is your suggestion for improvement related to a problem please describe currently the europe pmc fetcher only supports id based fetching it should also support fulltexts and searching by terms and it should support parsing other entry types like books describe the solution you d like an extended fetcher additional context,EXTERNAL
13382,close of last library keeps group tree visible from last opened library jabref version latest development branch build please note build date below operating system windows details on version and operating system no response checked with the latest development build copy version output from about dialog x i made a backup of my libraries before testing the latest development version x i have tested the latest development version and the problem persists steps to reproduce the behaviour enable hide tab when single library is present open two libraries select close all right click on group tree still shows the entries of the last opened library image appendix details summary log file summary paste an excerpt of your log file here details,UI_CORE;UI_EDITORS
13375,monthfiled formatted incorrectly in the bibtex source jabref version latest development branch build please note build date below operating system windows details on version and operating system jabref alpha ec c windows amd java javafx ea checked with the latest development build copy version output from about dialog x i made a backup of my libraries before testing the latest development version x i have tested the latest development version and the problem persists steps to reproduce the behaviour create a new patent entry in bibtex mode and choose a month e g may in optional fields tab monthfiled drop down menu go to the bibtex source tab it shows patent monthfiled may notice the extra around the month string the correct format would be without them patent monthfiled may note that this is a regression jabref does format it correctly while jabref and alpha don t appendix no response,
13371,jablib broken as far as i can see dependencies of our jablib on maven central does not have the right dependencies declared does not have jspecify declared as depdency but the build says error error could not resolve dependencies the following artifacts could not be resolved org jspecify jspecify jar jspecify version absent could not find artifact org jspecify jspecify jar jspecify version in mavencentral,UI_CORE
13328,let consistency checker yield a return code please use the github issue tracker only for bug reports and smaller suggestions for improvements requests for completely new features questions and general feedback is now handled at thanks is your suggestion for improvement related to a problem please describe i am using the consistency checker from using the jabref action in github actions the check result is great but i would like to see a failing ci stage if the consistency check is not successful describe the solution you d like usually unix tools yield a non zero return code to symbolise an error to the best of my knowledge this also applies for github actions thus i propose to add a return code maybe optional to the consistency check to allow the ci to fail in case of an inconsistent bib file,SYSTEM;UI_EDITORS
13318,support datamodel validations as user one can run biber validate datamodel xyz bib then the log is filled with entries such as warn datamodel report entry iron oliver kopp bib missing mandatory field type a pattern for this needs to be added to org jabref logic biblog bibtexlogparser one can develop test driven to first add a test to org jabref logic biblog bibtexlogparsertest steps create a new at for error strings and expected i assume will be needed add the above test string and result adapt no need to create a new file for testing this is too much effort,LOGIC_DATA
13301,lo oo bibliography error when using citations with non latin charcters jabref version alpha operating system windows details on version and operating system windows checked with the latest development build copy version output from about dialog x i made a backup of my libraries before testing the latest development version x i have tested the latest development version and the problem persists steps to reproduce the behaviour start jabref start a libreoffice writer document instance connect to the document instance from jabref s oo lo panel open a new library add the following entries to your library bibtex article author title you year article author title i year select a csl style from the select style dialog of the oo lo panel cite any of the above entries click the make sync bibliography button from the oo lo panel not needed if is enabled you will observe the following exception see appendix along with the error dialog plain no cited entries found in the document and log plain javafx application thread org jabref logic openoffice referencemark parse warn cslreferencemark name jabref cid e b z jv does not match pattern assuming random values cause non latin characters are not recognized valid in the reference marks format used for lo oo in jabref hints to solve adapt the regex in pre requisite context for people not familiar with this aspect of jabref oo lo integration csl styles citing and generating bibliographies reference marks in libreoffice may be slightly outdated but conceptually valid test for completion screen recording of bibliography being successfully generated in the document from the entries mentioned appendix details summary log file summary com sun star uno runtimeexception nothing to unlock at org libreoffice uno com sun star lib uno environments remote job remoteunorequestraisedexception job java at org libreoffice uno com sun star lib uno environments remote job execute job java at org libreoffice uno com sun star lib uno environments remote jobqueue enter jobqueue java at org libreoffice uno com sun star lib uno environments remote jobqueue enter jobqueue java at org libreoffice uno com sun star lib uno environments remote javathreadpool enter javathreadpool java at org libreoffice uno com sun star lib uno bridges java remote java remote bridge sendrequest java remote bridge java at org libreoffice uno com sun star lib uno bridges java remote proxyfactory handler request proxyfactory java at org libreoffice uno com sun star lib uno bridges java remote proxyfactory handler invoke proxyfactory java at jdk proxy jdk proxy proxy unlockcontrollers unknown source at org jabref org jabref gui openoffice oobibbase guiactioninsertentry oobibbase java at org jabref org jabref gui openoffice openofficepanel pushentries openofficepanel java at org jabref org jabref gui openoffice openofficepanel lambda initpanel openofficepanel java at javafx base ea com sun javafx event compositeeventhandler dispatchbubblingevent compositeeventhandler java at javafx base ea com sun javafx event eventhandlermanager dispatchbubblingevent eventhandlermanager java at javafx base ea com sun javafx event eventhandlermanager dispatchbubblingevent eventhandlermanager java at javafx base ea com sun javafx event compositeeventdispatcher dispatchbubblingevent compositeeventdispatcher java at javafx base ea com sun javafx event basiceventdispatcher dispatchevent basiceventdispatcher java at javafx base ea com sun javafx event eventdispatchchainimpl dispatchevent eventdispatchchainimpl java at javafx base ea com sun javafx event basiceventdispatcher dispatchevent basiceventdispatcher java at javafx base ea com sun javafx event eventdispatchchainimpl dispatchevent eventdispatchchainimpl java at javafx base ea com sun javafx event basiceventdispatcher dispatchevent basiceventdispatcher java at javafx base ea com sun javafx event eventdispatchchainimpl dispatchevent eventdispatchchainimpl java at javafx base ea com sun javafx event basiceventdispatcher dispatchevent basiceventdispatcher java at javafx base ea com sun javafx event eventdispatchchainimpl dispatchevent eventdispatchchainimpl java at javafx base ea com sun javafx event basiceventdispatcher dispatchevent basiceventdispatcher java at javafx base ea com sun javafx event eventdispatchchainimpl dispatchevent eventdispatchchainimpl java at javafx base ea com sun javafx event eventutil fireeventimpl eventutil java at javafx base ea com sun javafx event eventutil fireevent eventutil java at javafx base ea javafx event event fireevent event java at javafx graphics ea javafx scene node fireevent node java at javafx controls ea javafx scene control button fire button java at javafx controls ea com sun javafx scene control behavior buttonbehavior mousereleased buttonbehavior java at javafx controls ea com sun javafx scene control inputmap inputmap handle inputmap java at javafx base ea com sun javafx event compositeeventhandler normaleventhandlerrecord handlebubblingevent compositeeventhandler java at javafx base ea com sun javafx event compositeeventhandler dispatchbubblingevent compositeeventhandler java at javafx base ea com sun javafx event eventhandlermanager dispatchbubblingevent eventhandlermanager java at javafx base ea com sun javafx event eventhandlermanager dispatchbubblingevent eventhandlermanager java at javafx base ea com sun javafx event compositeeventdispatcher dispatchbubblingevent compositeeventdispatcher java at javafx base ea com sun javafx event basiceventdispatcher dispatchevent basiceventdispatcher java at javafx base ea com sun javafx event eventdispatchchainimpl dispatchevent eventdispatchchainimpl java at javafx base ea com sun javafx event basiceventdispatcher dispatchevent basiceventdispatcher java at javafx base ea com sun javafx event eventdispatchchainimpl dispatchevent eventdispatchchainimpl java at javafx base ea com sun javafx event basiceventdispatcher dispatchevent basiceventdispatcher java at javafx base ea com sun javafx event eventdispatchchainimpl dispatchevent eventdispatchchainimpl java at javafx base ea com sun javafx event basiceventdispatcher dispatchevent basiceventdispatcher java at javafx base ea com sun javafx event eventdispatchchainimpl dispatchevent eventdispatchchainimpl java at javafx base ea com sun javafx event basiceventdispatcher dispatchevent basiceventdispatcher java at javafx base ea com sun javafx event eventdispatchchainimpl dispatchevent eventdispatchchainimpl java at javafx base ea com sun javafx event eventutil fireeventimpl eventutil java at javafx base ea com sun javafx event eventutil fireevent eventutil java at javafx base ea javafx event event fireevent event java at javafx graphics ea javafx scene scene mousehandler process scene java at javafx graphics ea javafx scene scene processmouseevent scene java at javafx graphics ea javafx scene scene scenepeerlistener mouseevent scene java at javafx graphics ea com sun javafx tk quantum glassvieweventhandler mouseeventnotification get glassvieweventhandler java at javafx graphics ea com sun javafx tk quantum glassvieweventhandler mouseeventnotification get glassvieweventhandler java at javafx graphics ea com sun javafx tk quantum quantumtoolkit runwithoutrenderlock quantumtoolkit java at javafx graphics ea com sun javafx tk quantum glassvieweventhandler handlemouseevent glassvieweventhandler java at javafx graphics ea com sun glass ui view handlemouseevent view java at javafx graphics ea com sun glass ui view notifymouse view java at javafx graphics ea com sun glass ui gtk gtkapplication runloop native method at javafx graphics ea com sun glass ui gtk gtkapplication lambda runloop gtkapplication java at java base java lang thread run thread java details,
13275,do not output export formats for consistency check help i run gradlew jabkit run args check consistency help i get usage jabkit check consistency dhp input inputfile output format outputformat check consistency of the database d debug enable debug output h help display this help message input inputfile input bibtex file output format outputformat output format txt or csv p porcelain enable script friendly output available export formats html html simple html simplehtml docbook docbook endnote xml endnote it is not export format but output format the usage should output available export formats only if a command with export formats is asked for note you also can also achieve this by if you place gg cmd in the jabref source repository,SYSTEM
13274,allow cygwin paths on windows i start git bash on windows i run gradlew jabkit run args check consistency input c users koppor downloads test bib i get error error opening file c users koppor downloads test bib org jabref logic importer importexception java nio file nosuchfileexception c users koppor downloads test bib i think we need to internally map these paths to windows paths if file not found to all to then the above command will run file path changing code nees to go into method should do conversion only if is true otherwise return identifiy of parameter testing a test case for windows is needed use java enabledonos value org junit jupiter api condition os windows a separate test for non windows is needed too,SYSTEM
13269,multi file import not working jabref version latest release operating system windows checked with the latest development build copy version output from about dialog x i made a backup of my libraries before testing the latest development version x i have tested the latest development version and the problem persists steps to reproduce the behaviour go to file on left most top corner hover to import click add to current library a file directory window will pop up click multiple files import button is greyed and wont take more than file details details,
13264,if user moved file it should simply be relinked entry editor part a user might move files in the file directory without jabref then jabref does not find the file image but it still exists example open test support src manual tests issue issue bib in jabref double click on the only entry to open the entry editor select tab general see orange behind minimal pdf image normally is called from org jabref gui fieldeditors linkedfileseditorviewmodel bindtoentry task write test in org jabref gui externalfiles autosetfilelinksutiltest for this case adapt to cover the case searching for the filename in addition to citation key logic ensure that new logic ignores already linked files e g if minimal pdf is already attached to another entry add test org jabref gui externalfiles autosetfilelinksutiltest if not already covered by test in jabref gui one has to ensure that automatically search and show unlinked files is activated image,
13262,do not show merge pdf metadata dialog if there is nothing to merge create a new library drag n drop into it see merge pdf metadata dialog appearing it first shows a grobid column image however this disappears image expected result dialog closes itself after if there is only one column shown and the user did not do any manual changes this is a follow up to it is expection no dialog appears because there is only one real source of information,
13261,new entry if doi already exists in library offer jump to entry create a new bib file add new entry for image add new entry for see that dialog is the same image wish below the doi identifier there is a hint displayed entry already existing in library select entry select entry is a hyperlink it selectes the entry in the respective library hints can be used to jump to the entry next step after the initial functionality is made one can implement it to handle more than the currently opened tab see at how to search an entry in any tab the hint should say entry found in library x select entry,UI_CORE
13260,action required fix renovate configuration there is an error with this repository s renovate configuration that needs to be fixed as a precaution renovate will stop prs until it is resolved location error type the renovate configuration file contains some invalid settings message packagerules you have included an unsupported manager in a package rule your list docker gradle gradle wrapper github actions supported managers are ansible ansible galaxy argocd asdf azure pipelines batect batect wrapper bazel bazel module bazelisk bicep bitbucket pipelines bitrise buildkite buildpacks bun bun version bundler cake cargo cdnurl circleci cloudbuild cocoapods composer conan copier cpanfile crossplane deps edn devbox devcontainer docker compose dockerfile droneci fleet flux fvm git submodules github actions gitlabci gitlabci include glasskube gleam gomod gradle gradle wrapper haskell cabal helm requirements helm values helmfile helmsman helmv hermit homebrew html jenkins jsonnet bundler kotlin script kubernetes kustomize leiningen maven maven wrapper meteor mint mise mix nix nodenv npm nuget nvm ocb osgi pep pep pip compile pip requirements pip setup pipenv pixi poetry pre commit pub puppet pyenv renovate config presets ruby version runtime version sbt scalafmt setup cfg sveltos swift tekton terraform terraform version terragrunt terragrunt version tflint plugin travis velaci vendir woodpecker regex jsonata,
13253,dependency dashboard this issue lists renovate updates and detected dependencies read the dependency dashboard docs to learn more br view this repository on the mend io web portal config migration needed create config migration pr select this checkbox to let renovate create an automated config migration pr repository problems these problems occurred while renovating this repository view logs warn found renovate config warnings warn package lookup failures rate limited these updates are currently rate limited click on a checkbox below to force their creation now unlimit branch renovate org bouncycastle bcprov jdk on x chore deps update dependency org bouncycastle bcprov jdk on to v unlimit branch renovate major hibernate validator chore deps update dependency org hibernate validator hibernate validator to v unlimit branch renovate ruby x chore deps update ruby docker tag to v create all rate limited prs create all rate limited prs at once warning renovate failed to look up the following dependencies files affected open these updates have all been created already click a checkbox below to force a retry rebase of any rebase branch renovate org postgresql postgresql x chore deps update dependency org postgresql postgresql to v pull detected dependencies details summary bundler summary blockquote details summary docs gemfile summary details blockquote details details summary devcontainer summary blockquote details summary devcontainer devcontainer json summary details blockquote details details summary dockerfile summary blockquote details summary dockerfile jabkit summary details details summary dockerfile jabsrv summary details details summary docs dockerfile summary details blockquote details details summary github actions summary blockquote details summary github workflows automerge yml summary details details summary github workflows binaries ea yml summary details details summary github workflows binaries yml summary details details summary github workflows check links yml summary details details summary github workflows cleanup pr yml summary details details summary github workflows delete old runs automatically yml summary details details summary github workflows delete old runs manually yml summary details details summary github workflows dockerimages yml summary details details summary github workflows gource yml summary details details summary github workflows latex yml summary details details summary github workflows merge upstream yml summary details details summary github workflows on issue comment yml summary details details summary github workflows on issue labeled yml summary details details summary github workflows on issue unassigned yml summary details details summary github workflows on issue unlabeled yml summary details details summary github workflows on pr closed yml summary details details summary github workflows on pr labeled yml summary details details summary github workflows on pr opened updated yml summary details details summary github workflows pages yml summary details details summary github workflows pr comment yml summary details details summary github workflows product map yml summary details details summary github workflows tests fetchers yml summary details details summary github workflows tests yml summary details details summary github workflows unassign issues yml summary details details summary github workflows update gradle wrapper yml summary details details summary github workflows upload release yml summary details blockquote details details summary gradle summary blockquote details summary gradle properties summary details details summary settings gradle kts summary details details summary build gradle kts summary details details summary build logic settings gradle kts summary details details summary build logic build gradle kts summary details details summary build logic src main kotlin buildlogic java common conventions gradle kts summary details details summary jabgui build gradle kts summary details details summary jabkit build gradle kts summary details details summary jablib build gradle kts summary details details summary jabsrv build gradle kts summary details details summary jabsrv cli build gradle kts summary details details summary test support build gradle kts summary details blockquote details details summary gradle wrapper summary blockquote details summary gradle wrapper gradle wrapper properties summary details blockquote details details summary regex summary blockquote details summary jbang checkoutpr java summary details details summary jbang clonejabref java summary details details summary jbang jabkitlauncher java summary details details summary jbang jabsrvlauncher java summary details blockquote details manual job check this box to trigger a request for renovate to run again on this repository,
13243,junie should output help if is active jabref cli should output help not pass this to the gui start jabref and keep it running run see expected result help output in intellij image then image image then run then you also see the output image,
13241,search results tab is blank after switching library jabref version latest development branch build please note build date below operating system macos details on version and operating system macos sequoia checked with the latest development build copy version output from about dialog x i made a backup of my libraries before testing the latest development version x i have tested the latest development version and the problem persists steps to reproduce the behaviour do a fulltext search in a library switch to another db library switch back to the first library and check the search results tab turning off and on the fulltext flag again will make the results appear correctly doing a sort of hack where we reset the flag if it is active every time a library is switched seems to prevent the issue like this statemanager activedatabaseproperty addlistener if preferences getsearchpreferences isfulltext platform runlater this resetfulltextflag else content getchildren clear but it s just an hack and also seems to create problems with threads concurrency i can post a video of this behavior as well if needed appendix no errors in the log,LOGIC_DATA
13235,fix localization in citation relations jabref has the tab citation relations image the text is add selected entries to database and should be add selected entry s to library because database is used for sql database see for background see for hints in localization,EXTERNAL
13234,automatic lookup of doi at citation relations in the citation relations if there is no doi offer a link to determine the doi in the text shown the selected entry doesn t have a doi linked to it lookup a doi and try again the text look up a doi and try again should get a hyperlink triggering the lookup when clicked the text should change to looking up doi if no doi found notifiy users no doi found and change to initial state if doi found use it for citation relations note on engish language it needs to be look up since its a verb see hints regarding hyperlinks you can see at org jabref gui welcometab createwelcomestartbox how this works in principle it is necessary to split up the localiatzion string see for localization hints add following paper to jabref bibtex inproceedings edwards author s h edwards booktitle proceedings of the th sigcse technical symposium on computer science education date title using software testing to move students from trial and error to reflection in action pages click on citation relations image now switch to general and click look up doi image see that a doi is dermined image then citation relations should work if there was no network error image,
13227,make convertmsccodescleanup a formatter follow up to needs to be converted to a class implementing should be removed from the list of hard coded check boxes and moved to the field formatter list image background the contents in miscellaneous are working multi field whereas field formatters work single field i know the ux is bad for the formatters but with the current implementation the ui gets even more cluttered,
13205,task with name schemagen org jabref logic importer fileformat citavi not found in project jablib jabref version latest development branch build please note build date below operating system gnu linux details on version and operating system no response checked with the latest development build copy version output from about dialog x i made a backup of my libraries before testing the latest development version x i have tested the latest development version and the problem persists steps to reproduce the behaviour when i try building jabref from a d c e e ec b c e fa aec i get this error configure project jabgui w file build source jabgui build gradle kts getter for builddir file is deprecated deprecated in java incubating problems report is available at file build source build reports problems problems report html failure build failed with an exception where build file build source jablib build gradle kts line what went wrong task with name schemagen org jabref logic importer fileformat citavi not found in project jablib try run with stacktrace option to get the stack trace run with info or debug option to get more log output run with scan to get full insights get more help at deprecated gradle features were used in this build making it incompatible with gradle you can use warning mode all to show the individual deprecation warnings and determine if they come from your own scripts or plugins for more on this please refer to in the gradle documentation appendix details summary log file summary paste an excerpt of your log file here details,
13198,filter out only pdf files in document viewer is your suggestion for improvement related to a problem please describe currently document viewer which can be opened through shows all linked files but it only can display pdf files describe the solution you d like filter out only pdf files in the combo box of document viewer to show only pdfs additional context well document viewer is named document viewer but it can t display or it certainly shouldn t display but it s other topic,
13187,initial endpoint for cite as you write zotero opens a popup when called image doc curl,
13150,fix version output at jabkit run for example using on the command line or using intellij and run output image the version string is too long task adapt and respective code so that the version is output below jabref version alpha df staying on top of your literature since,
13143,show hide file annotations tab currently if a pdf file is attached to a bibliographic entry the file annotations tab is always shown in the entry editor expected behavior it would be preferable if the file annotations tab were shown only when the pdf actually contains highlights or comments a possible solution in the entry editor preferences add a flag like show tab file annotations only if it contains highlights or comments,UI_EDITORS
13132,do not show empty column in merge entries download start jabref create a new library save the library drag and drop into the library jabref shows following dialog image expected no dialog appears because there is only one real source of information if there are other cases of pdfs with more columns an empty column should not be shown task find out where this dialog is called whren dropping a pdf to the main table adapt code accordingly maybe an existing entry should not be passed at all maybe an empty entry needs to be removed,
13131,exclude certain fields from consistency check jabref can check for consistency of bibentries for the gui it is described at this check returns too much inconsistencies for instance comments on entries should not be checked task introduce filtered fields at it should contain all fields of org jabref model entry field standardfield automatic fields org jabref model entry field standardfield comment org jabref model entry field standardfield crossref org jabref model entry field standardfield cites org jabref model entry field standardfield pdf org jabref model entry field standardfield review org jabref model entry field standardfield sortkey org jabref model entry field standardfield sortname org jabref model entry field standardfield type org jabref model entry field standardfield xref org jabref model entry field standardfield groups modify to filter according to filtered fields moreover it should remove all and all create tests org jabref logic quality consistency bibliographyconsistencychecktest,UI_EDITORS
13130,inconsistency on the menu bar upon library closure jabref version alpha operating system macos details on version and operating system no response checked with the latest development build copy version output from about dialog x i made a backup of my libraries before testing the latest development version x i have tested the latest development version and the problem persists steps to reproduce the behaviour related to after the only or last library is closed several menu bar functions remain enabled whereas they should be inaccessible example behavior of the file menu when jabref is opened without any library loaded img width alt image src unexpected file menu behavior after the only last library is closed img width alt image src if needed i m available to review the entire menu bar and report all individual inconsistencies appendix,UI_CORE
13129,focus on running instance if a user starts jabref the second time and does not pass any commands the existing jabref instance should be focused implement a new to handle the focus create and write it correctly hints one other code place is where the string is logged modify org jabref launcher handlemultipleappinstancesenumcontinue shutdown focus try out if it works implement if it does not work close issue as not possible internal link,
13128,remove for consistency check currently for excuting check consistency one needs to pass the input file using jabkit check consistency porcelain input chocolate bib since this is always required following syntax is desired jabkit check consistency porcelain chocolate bib one just needs to change this because we do not aim for backward compatibility here task modify jabkit to handle new command accordingly hints is the main class for the cli of jabref cli parameters can be passed using intellij image picocli is the framework jabref uses is the variable,SYSTEM
13109,add pseudonymization to cli should be availble on the cli similar cli experience than consistency check see class for the implementation of the consistency check,SYSTEM
13087,select correct tab for creation of new entry i want to add the article with the doiish url to jabref when clicking the create new entry button the tab enter identifier should be selected image the code to investigate is after the approach is the clipboard should be inspected if it is an identifier for this org jabref logic importer util identifierparser parse can be used if yes should be used set to the clipboard contents otherwise preferences getlatestapproach one needs to move the following code to the right place java final string clipboardtext clipboardmanager getcontents trim if stringutil isblank clipboardtext interprettext settext clipboardtext interprettext selectall,UI_CORE
13076,generation of entry with isbn number failure jabref version latest release operating system gnu linux details on version and operating system debian trixie linux checked with the latest development build copy version output from about dialog x i made a backup of my libraries before testing the latest development version x i have tested the latest development version and the problem persists steps to reproduce the behaviour open jabref select function new entry version create new entry latest insert isbn number in select entry type new entry window i e with or without hyphens click on generate search button result failed to import by id search will find correct publication on isbn search websites i e isbnsearch bookfinder abe gives correct informations screenshots from jabref image image screenshot from latest development build image appendix details summary log file summary paste an excerpt of your log file here details,EXTERNAL
13073,file not found exception when selecting default jstyles jabref version latest development branch build please note build date below operating system windows details on version and operating system no response checked with the latest development build copy version output from about dialog x i made a backup of my libraries before testing the latest development version x i have tested the latest development version and the problem persists steps to reproduce the behaviour start jabref open select style dialog from the oo lo panel go to jstyles tab select default author year or default number jstyle occurs log attached in appendix this is likely due to paths to internal jstyles not adjusted after the multi project build refactoring appendix details summary log file summary java error uncaught exception occurred in thread javafx application thread main java nio file filesystemnotfoundexception at jdk zipfs jdk nio zipfs zipfilesystemprovider getfilesystem zipfilesystemprovider java error uncaught exception occurred in thread javafx application thread main java nio file filesystemnotfoundexception at jdk zipfs jdk nio zipfs zipfilesystemprovider getpath zipfilesystemprovider java at java base java nio file path of path java at org jabref jablib org jabref logic openoffice style jstyle reload jstyle java at org jabref jablib org jabref logic openoffice style jstyle ensureuptodate jstyle java at org jabref org jabref gui openoffice openofficepanel lambda initpanel openofficepanel java at java base java util optional ifpresent optional java at org jabref org jabref gui openoffice openofficepanel lambda initpanel openofficepanel java at javafx base com sun javafx event compositeeventhandler dispatchbubblingevent compositeeventhandler java at javafx base com sun javafx event eventhandlermanager dispatchbubblingevent eventhandlermanager java at javafx base com sun javafx event eventhandlermanager dispatchbubblingevent eventhandlermanager java at javafx base com sun javafx event compositeeventdispatcher dispatchbubblingevent compositeeventdispatcher java at javafx base com sun javafx event basiceventdispatcher dispatchevent basiceventdispatcher java at javafx base com sun javafx event eventdispatchchainimpl dispatchevent eventdispatchchainimpl java at javafx base com sun javafx event basiceventdispatcher dispatchevent basiceventdispatcher java at javafx base com sun javafx event eventdispatchchainimpl dispatchevent eventdispatchchainimpl java at javafx base com sun javafx event basiceventdispatcher dispatchevent basiceventdispatcher java at javafx base com sun javafx event eventdispatchchainimpl dispatchevent eventdispatchchainimpl java at javafx base com sun javafx event basiceventdispatcher dispatchevent basiceventdispatcher java at javafx base com sun javafx event eventdispatchchainimpl dispatchevent eventdispatchchainimpl java at javafx base com sun javafx event basiceventdispatcher dispatchevent basiceventdispatcher java at javafx base com sun javafx event eventdispatchchainimpl dispatchevent eventdispatchchainimpl java at javafx base com sun javafx event eventutil fireeventimpl eventutil java at javafx base com sun javafx event eventutil fireevent eventutil java at javafx base javafx event event fireevent event java at javafx graphics javafx scene node fireevent node java at javafx controls javafx scene control button fire button java at javafx controls com sun javafx scene control behavior buttonbehavior mousereleased buttonbehavior java at javafx controls com sun javafx scene control inputmap inputmap handle inputmap java at javafx base com sun javafx event compositeeventhandler normaleventhandlerrecord handlebubblingevent compositeeventhandler java at javafx base com sun javafx event compositeeventhandler dispatchbubblingevent compositeeventhandler java at javafx base com sun javafx event eventhandlermanager dispatchbubblingevent eventhandlermanager java at javafx base com sun javafx event eventhandlermanager dispatchbubblingevent eventhandlermanager java at javafx base com sun javafx event compositeeventdispatcher dispatchbubblingevent compositeeventdispatcher java at javafx base com sun javafx event basiceventdispatcher dispatchevent basiceventdispatcher java at javafx base com sun javafx event eventdispatchchainimpl dispatchevent eventdispatchchainimpl java at javafx base com sun javafx event basiceventdispatcher dispatchevent basiceventdispatcher java at javafx base com sun javafx event eventdispatchchainimpl dispatchevent eventdispatchchainimpl java at javafx base com sun javafx event basiceventdispatcher dispatchevent basiceventdispatcher java at javafx base com sun javafx event eventdispatchchainimpl dispatchevent eventdispatchchainimpl java at javafx base com sun javafx event basiceventdispatcher dispatchevent basiceventdispatcher java at javafx base com sun javafx event eventdispatchchainimpl dispatchevent eventdispatchchainimpl java at javafx base com sun javafx event basiceventdispatcher dispatchevent basiceventdispatcher java at javafx base com sun javafx event eventdispatchchainimpl dispatchevent eventdispatchchainimpl java at javafx base com sun javafx event eventutil fireeventimpl eventutil java at javafx base com sun javafx event eventutil fireevent eventutil java at javafx base javafx event event fireevent event java at javafx graphics javafx scene scene mousehandler process scene java at javafx graphics javafx scene scene processmouseevent scene java at javafx graphics javafx scene scene scenepeerlistener mouseevent scene java at javafx graphics com sun javafx tk quantum glassvieweventhandler mouseeventnotification get glassvieweventhandler java at javafx graphics com sun javafx tk quantum glassvieweventhandler mouseeventnotification get glassvieweventhandler java at javafx graphics com sun javafx tk quantum quantumtoolkit runwithoutrenderlock quantumtoolkit java at javafx graphics com sun javafx tk quantum glassvieweventhandler handlemouseevent glassvieweventhandler java at javafx graphics com sun glass ui view handlemouseevent view java at javafx graphics com sun glass ui view notifymouse view java at javafx graphics com sun glass ui win winapplication runloop native method at javafx graphics com sun glass ui win winapplication lambda runloop winapplication java at java base java lang thread run thread java details,
13069,add support for refer import format similar to endnote raised by a user on mastodon is your suggestion for improvement related to a problem please describe i would like to import bibliography in the refer format the refer format is very similar to endnote jabref already has an endnote importer describe the solution you d like an importer and maybe exporter for refer add tests for the importer and exporter additional context useful resources endnote tag refer mapping more info on refer and examples,LOGIC_DATA
13051,preview in jstyle csl style too small jabref version latest development branch build please note build date below operating system macos details on version and operating system checked with the latest development build copy version output from about dialog x i made a backup of my libraries before testing the latest development version x i have tested the latest development version and the problem persists steps to reproduce the behaviour view open office select style select a style and notice that the preview is not showing all img width alt image src appendix details summary log file summary paste an excerpt of your log file here details,UI_CORE
13049,use and styles for oo integration is your suggestion for improvement related to a problem please describe currently jabref uses these styles in libreoffice for references section heading of bibliography section text in bibliography entries however those are not the default styles for this section in libreoffice describe the solution you d like libreoffice uses these styles for bibliography text heading of bibliography section text in bibliography entries make jabref use them additional context none,
13046,rename strings and variables in new entry follow up to we had an internal developer discussion add entry add entry using and rename variables accordingly should be easy with intellij refactoring feature for the first one we neglected add default entry and add entry using defaults too long we think we don t need an architectural decision record sorry for the extra effort but naming is hard in computer science copied from,UI_CORE
13041,copy entry preview should copy real html this is a follow up to and a real fix for example entry preview based on image i press copy citation html image then following html is in the clipboard html doctype html html head meta charset utf head body article richard richard anna meule adrian friese malte blechert jens effects of chocolate deprivation on implicit and explicit evaluation of chocolate in high and low trait chocolate cravers frontiers in psychology vol frontiers media sa body html all highlithing lost reason calls this implementation should be changed to use the same functionality as copy preview of the main table image the main table copy works correct paste result in word image hint should be used see org jabref gui maintable rightclickmenu how to initialize maybe they can be stored globally check how it is done in other places of jabref the code uses to generate the html,UI_CORE
13035,disconnect from shared database jabref version latest release operating system windows details on version and operating system windows build checked with the latest development build copy version output from about dialog x i made a backup of my libraries before testing the latest development version x i have tested the latest development version and the problem persists steps to reproduce the behaviour wenn i close my shared database on oracle i get the error message in a separate popup uncaught exception ocurred in thread javafx application thread main i did not get any other problems like corruption of entries in the database more details in the attachment i could not test with the newst version because this version does not yet support oracle details txt appendix image details summary log file summary paste an excerpt of your log file here details,
13031,directory should be relative create open jabref new library save at menu libarry select library properties create and select folder pdfs image see that is stored expected is stored reason it is a sub folder of the current path tasks after browsing path is made relative to bib file add button make absolute next to each directory converting the selected path to an absolute path image the button is disabled if the path is already absolute this is a follow up to there one can find out about the code places,
13017,directory check should respect relative paths setting contains and sub directory image in library properties the check says the path does not exist image the path exists one needs to from the object of the path of the file to check see also the method cannot be directly used because it call which makes the path absolute follow up to,
13015,import format bibtex source in jabref style open jabref create new library open firefox ensure that jabref plugin is installed navigate to click on import references image see popup image select show bibtex source see that this is strangely formatted image wish for this field the bibtex could should be parsed if not successful show original string if successful show reformmated bibtex hints ensure that flag is true one should be able to use to get the string represnetation of the entry one could also use with beging,LOGIC_DATA
13014,welcome tab open example library currently the welcome tab offers new library and open existing image it misses open example library task move to keep in to enable using in jabkit too add button open example library to welcome tab on click contents of chocolate bib should be opend in a new library reason is saved in jabrefs program folder which is not user writable thus the people should be guided to save the library in another file if they want to continue working,UI_CORE
13013,field presence consistency check result refine output when is executed on the result is as follows field presence consistency check result entry type citation key eprint groups number pages readstatus url article garcia o article ding o article richard article corti o o article cooper o o article tokede o o article keen o o article katz o o article hooper o o article tan o o article fulton o o o o article parker o o article macht o o article scholey o o article di renzo o o x required field is present o optional field is present unknown field is present field is absent consistency check completed to have it rendered as markdown it should be field presence consistency check result entry type citation key eprint groups number pages readstatus url article cooper o o article corti o o article di renzo o o article ding o article fulton o o o o article garcia o article hooper o o article katz o o article keen o o article macht o o article parker o o article richard article scholey o o article tan o o article tokede o o symbol meaning x required field is present o optional field is present unknown field is present field is absent consistency check completed adapt org jabref logic quality consistency bibliographyconsistencycheckresulttxtwriter writefindings org jabref logic quality consistency bibliographyconsistencycheckresulttxtwriter initializecolumnwidths to use the max of column headings text and column content as width sort output by label first ordering still is entry type adapt org jabref logic quality consistency bibliographyconsistencycheckresulttxtwriter writefinding at the end to output markdown table instead of just also add another newline at the end result field presence consistency check result entry type citation key eprint groups number pages readstatus url article cooper o o article corti o o article di renzo o o article ding o article fulton o o o o article garcia o article hooper o o article katz o o article keen o o article macht o o article parker o o article richard article scholey o o article tan o o article tokede o o symbol meaning x required field is present o optional field is present unknown field is present field is absent consistency check completed,
13000,alpha treated as another version when installed image we could not use gitversion to run on the tag and therefore the version tag is different,
12995,doesn t take symlinks into account jabref version latest release operating system gnu linux details on version and operating system kde neon based on ubuntu checked with the latest development build copy version output from about dialog i made a backup of my libraries before testing the latest development version i have tested the latest development version and the problem persists steps to reproduce the behaviour look at appendix the effect of this is among other things that when manually linking a pdf file to a bib entry which is located in the main file directory it can still end up being added by its full path this is because the configured main file directory and or the path to the selected pdf file can contain symbolic links which make the paths appear different which causes to fail even though they are not it seems that from java s standard library could be used for obtaining a canonical path representation that has symlinks resolved,
12979,notify in the application if a new update is available based on describe the solution you d like a lot of software auto check for updates on startup don t know how much work this is but just keeping this here to me at a high level solution seems to be like calling the check for updates action in the launcher image related code but the following notification image should not trigger on startup if already up to date use the dialogservice only if an update is available,
12969,jabref crashes when adding new entry jabref version other please describe below operating system gnu linux details on version and operating system ubuntu lts checked with the latest development build copy version output from about dialog x i made a backup of my libraries before testing the latest development version x i have tested the latest development version and the problem persists steps to reproduce the behaviour hi there is an issue when i want to add new entry and fill the bitex sources with book format to make a addressable library but when using update with biblographic button the whole of jabref gonna crash first i was on version of java but i downgraded to version family to prevent the error but the issue is persisting the version information is jabref eb linux generic amd java javafx appendix details summary log file summary java lang arrayindexoutofboundsexception arraycopy length is negative at java base java lang system arraycopy native method at javafx base javafx collections transformation sortedlist updateunsorted unknown source at javafx base javafx collections transformation sortedlist sourcechanged unknown source at javafx base javafx collections transformation transformationlist lambda getlistener unknown source at javafx base javafx collections weaklistchangelistener onchanged unknown source at javafx base com sun javafx collections listlistenerhelper generic firevaluechangedevent unknown source at javafx base com sun javafx collections listlistenerhelper firevaluechangedevent unknown source at javafx base javafx collections observablelistbase firechange unknown source at javafx base javafx collections listchangebuilder commit unknown source at javafx base javafx collections listchangebuilder endchange unknown source at javafx base javafx collections observablelistbase endchange unknown source at javafx base javafx collections transformation filteredlist sourcechanged unknown source at javafx base javafx collections transformation transformationlist lambda getlistener unknown source at javafx base javafx collections weaklistchangelistener onchanged unknown source at javafx base com sun javafx collections listlistenerhelper singlechange firevaluechangedevent unknown source at javafx base com sun javafx collections listlistenerhelper firevaluechangedevent unknown source at javafx base javafx collections observablelistbase firechange unknown source at javafx base javafx collections listchangebuilder commit unknown source at javafx base javafx collections listchangebuilder endchange unknown source at javafx base javafx collections observablelistbase endchange unknown source at com tobiasdiez easybind snapshot com tobiasdiez easybind mappedbackedlist sourcechanged unknown source at javafx base javafx collections transformation transformationlist lambda getlistener unknown source at javafx base javafx collections weaklistchangelistener onchanged unknown source at javafx base com sun javafx collections listlistenerhelper singlechange firevaluechangedevent unknown source at javafx base com sun javafx collections listlistenerhelper firevaluechangedevent unknown source at javafx base javafx collections observablelistbase firechange unknown source at org jabref org jabref gui util uithreadlist sourcechanged unknown source at javafx base javafx collections transformation transformationlist lambda getlistener unknown source at javafx base javafx collections weaklistchangelistener onchanged unknown source at javafx base com sun javafx collections listlistenerhelper singlechange firevaluechangedevent unknown source at javafx base com sun javafx collections listlistenerhelper firevaluechangedevent unknown source at javafx base javafx collections observablelistbase firechange unknown source at javafx base javafx collections fxcollections unmodifiableobservablelistimpl lambda new unknown source at javafx base javafx collections weaklistchangelistener onchanged unknown source at javafx base com sun javafx collections listlistenerhelper generic firevaluechangedevent unknown source at javafx base com sun javafx collections listlistenerhelper firevaluechangedevent unknown source at javafx base javafx collections fxcollections synchronizedobservablelist lambda new unknown source at javafx base javafx collections weaklistchangelistener onchanged unknown source at javafx base com sun javafx collections listlistenerhelper singlechange firevaluechangedevent unknown source at javafx base com sun javafx collections listlistenerhelper firevaluechangedevent unknown source at javafx base javafx collections observablelistbase firechange unknown source at javafx base javafx collections listchangebuilder commit unknown source at javafx base javafx collections listchangebuilder endchange unknown source at javafx base javafx collections observablelistbase endchange unknown source at javafx base javafx collections modifiableobservablelistbase addall unknown source at javafx base javafx collections fxcollections synchronizedlist addall unknown source at org jabref org jabref model database bibdatabase insertentries unknown source at org jabref org jabref model database bibdatabase insertentries unknown source at org jabref org jabref gui librarytab insertentries unknown source at org jabref org jabref gui librarytab insertentry unknown source at org jabref org jabref gui importer newentryaction execute unknown source at org jabref org jabref gui actions jabrefaction lambda new unknown source at org jabref merged module org controlsfx control action action handle unknown source at org jabref merged module org controlsfx control action action handle unknown source at javafx base com sun javafx event compositeeventhandler dispatchbubblingevent unknown source at javafx base com sun javafx event eventhandlermanager dispatchbubblingevent unknown source at javafx base com sun javafx event eventhandlermanager dispatchbubblingevent unknown source at javafx base com sun javafx event basiceventdispatcher dispatchevent unknown source at javafx base com sun javafx event eventdispatchchainimpl dispatchevent unknown source at javafx base com sun javafx event eventutil fireeventimpl unknown source at javafx base com sun javafx event eventutil fireevent unknown source at javafx base javafx event event fireevent unknown source at javafx controls javafx scene control menuitem fire unknown source at javafx controls com sun javafx scene control controlacceleratorsupport lambda doacceleratorinstall unknown source at javafx graphics com sun javafx scene keyboardshortcutshandler processaccelerators unknown source at javafx graphics com sun javafx scene keyboardshortcutshandler dispatchbubblingevent unknown source at javafx base com sun javafx event compositeeventdispatcher dispatchbubblingevent unknown source at javafx base com sun javafx event basiceventdispatcher dispatchevent unknown source at javafx base com sun javafx event eventdispatchchainimpl dispatchevent unknown source at javafx base com sun javafx event basiceventdispatcher dispatchevent unknown source at javafx base com sun javafx event eventdispatchchainimpl dispatchevent unknown source at javafx base com sun javafx event eventutil fireeventimpl unknown source at javafx base com sun javafx event eventutil fireevent unknown source at javafx base javafx event event fireevent unknown source at javafx graphics javafx scene scene processkeyevent unknown source at javafx graphics javafx scene scene scenepeerlistener keyevent unknown source at javafx graphics com sun javafx tk quantum glassvieweventhandler keyeventnotification run unknown source at javafx graphics com sun javafx tk quantum glassvieweventhandler keyeventnotification run unknown source at java base java security accesscontroller doprivileged unknown source at javafx graphics com sun javafx tk quantum glassvieweventhandler lambda handlekeyevent unknown source at javafx graphics com sun javafx tk quantum quantumtoolkit runwithoutrenderlock unknown source at javafx graphics com sun javafx tk quantum glassvieweventhandler handlekeyevent unknown source at javafx graphics com sun glass ui view handlekeyevent unknown source at javafx graphics com sun glass ui view notifykey unknown source at javafx graphics com sun glass ui gtk gtkapplication runloop native method at javafx graphics com sun glass ui gtk gtkapplication lambda runloop unknown source at java base java lang thread run unknown source details,
12963,add non standard types of biblatex entry types jabref alpha b c windows amd java javafx related to biblatex supports non standard types entry types see page of also accessible via is your suggestion for improvement related to a problem please describe my problem is that i am sometimes confused what entry type i should pick in the entry editor for example for video or image reading through the biblatex documentation i found that non standard types are mapped to the misc entry type but to me misc is only a fall back if nothing else fits so i am searching and searching for the correct type and cannot find and will finally settle on misc but that time searching could be diminished by having the non standard types available i think having to cite a video or image or audio is not really something extraordinary in the year in short non standard types are a time saver describe the solution you d like add non standard types to the entry editor image add entry dialog image additional context biblatex chicago supports the following entry types by default image see page of also accessible via,
12959,csl citations in libreoffice do not respect curly braces at author jabref version alpha operating system windows details on version and operating system windows checked with the latest development build copy version output from about dialog x i made a backup of my libraries before testing the latest development version x i have tested the latest development version and the problem persists steps to reproduce the behaviour start jabref open a library add the following entry copy paste to main table online author the pgf tikz team date title pgf create postscript and pdf graphics in tex url connect to a running libreoffice document instance using the oo lo panel click on select style in the panel select ieee from the csl styles tab and press ok select the entry press cite to cite it in the document generate bibliography expected bibliography entry author image actual image issue when the author name is enclosed by an extra pair of curly braces it should be treated as it is without re formatting used in the case of corporate authors for more elaboration see refs appendix,
12952,stop comments from getting deleted is your suggestion for improvement related to a problem please describe i m writing latex in combination with the ltex language client to spot some spelling and grammar mistakes i m making along the way this client scans every file for those mistakes unless you tell it explicitly somewhere in a file to stop checking for mistakes from then on to disable it completely for a file one just simply adds latex ltex enabled false at the beginning of the file like stated here unfortunately in combination with jabref these comments always get deleted on a new save i guess this is because the parser doesn t recognise the latex comments as real entries and thus throws them out describe the solution you d like i would love jabref to recognise latex comments and stop deleting them from the file additional context none,
12931,ctrl w cmd w should close current tab not last tab jabref version alpha operating system windows details on version and operating system macos windows checked with the latest development build copy version output from about dialog x i made a backup of my libraries before testing the latest development version x i have tested the latest development version and the problem persists steps to reproduce the behaviour open multiple libraries press ctrl w on mac cmd w notice that the library to the right is closed not the current selected one on mac sometimes the command cmd w does not work at all appendix details summary log file summary paste an excerpt of your log file here details,
12930,csl based preview does not respect curly braces at author jabref version alpha operating system macos details on version and operating system mac os checked with the latest development build copy version output from about dialog x i made a backup of my libraries before testing the latest development version x i have tested the latest development version and the problem persists steps to reproduce the behaviour create a new entry with the following bibtex data paste it to the main table online author the pgf tikz team date title pgf create postscript and pdf graphics in tex url under file preferences entry preview at ieee style after jabref s custom style img width alt image src toggle between the style int he preview tab and notice the difference jabref style correct image csl style incorrect image classes to look at jabrefitemdataprovider appendix details summary log file summary paste an excerpt of your log file here details,UI_EDITORS
12928,about dialog does not show all maintainers jabref version alpha operating system macos details on version and operating system mac os windows checked with the latest development build copy version output from about dialog x i made a backup of my libraries before testing the latest development version x i have tested the latest development version and the problem persists steps to reproduce the behaviour open jabref about dialog see that not all maintainers are shown img width alt image src appendix details summary log file summary paste an excerpt of your log file here details,UI_CORE
12921,trying to rearrange the welcome tab causes an exception jabref version latest development branch build please note build date below operating system windows details on version and operating system build date checked with the latest development build copy version output from about dialog x i made a backup of my libraries before testing the latest development version x i have tested the latest development version and the problem persists steps to reproduce the behaviour disable the setting to hide tab bar when single library is present create a library or create if you skipped step click and drag the welcome tab and move it beside the newly created library error occurs image appendix details summary log file summary paste an excerpt of your log file here details,UI_CORE
12917,paste of url with pdf into empty entry should get the pdf and import it filed in issue melting pot as jabref version jabref alpha operating system windows details on version and operating system no response checked with the latest development build copy version output from about dialog x i made a backup of my libraries before testing the latest development version x i have tested the latest development version and the problem persists steps to reproduce the behaviour to reproduce copy in the clipboard open jabref go to the main table press kbd ctrl kbd kbd v kbd currently image expected pdf is downloaded parsed etc task add proper handling the code should be related to try to debug whats happening when pasting an url ending with add handling to that hint adapt check if data is a url maybe using org jabref gui fieldeditors urlutil isurl and ends with if yes then download pdf into the directory see org jabref gui linkedfile downloadlinkedfileaction execute for other uses import the file using questions should first a linkedfile be generated then download then parsing then merge of the two entries probably not it is similar to org jabref gui maintable maintable handleondragdroppedtableview maybe we can just call this makes it similar to appendix details summary log file summary paste an excerpt of your log file here details,
12910,creating a new library should focus the maintable and allow pasting with ctrl v jabref version latest development branch build please note build date below operating system windows details on version and operating system no response checked with the latest development build copy version output from about dialog x i made a backup of my libraries before testing the latest development version x i have tested the latest development version and the problem persists steps to reproduce the behaviour open a library copy an entry create a new library paste the entry sometimes the entry ends up in the search bar it should be pasted on the main table starting point for checking paste command handling appendix details summary log file summary paste an excerpt of your log file here details,UI_CORE
12894,library disappeared and welcome tab is shown instead jabref version latest development branch build please note build date below operating system gnu linux details on version and operating system arch linux mate de checked with the latest development build copy version output from about dialog x i made a backup of my libraries before testing the latest development version x i have tested the latest development version and the problem persists steps to reproduce the behaviour open jabref welcome tab appears create a new library button in the upper left corner create another library image three tabs are listed in the upper bar welcome untitled untitled click on the nd library first untitled the first after welcome close the nd library via cross near the name welcome tab appears instead of other untitled library if you instead delete the second untitled library which is the rd in step this issue won t appear appendix no response,
12865,search results tab should be shown during fulltext search the tab search results is only shown if the entry in the main table is switched the tab should be shown after a fulltext search finished image,LOGIC_DATA;UI_EDITORS
12843,fix copy to preferences sub issue start jabref open a library x and save it open another library y and save it have one or more entries in the library x with cross references and save example image right click the entry entries with cross references select copy to y tick do not ask again and then select include image restart jabref open the two saved libraries x and y if not open already repeat steps you will observe that the dialog in step appears again even though we ticked do not ask again expected it respects last saved preferences i e does not appear related prs sub issue start jabref go to file preferences in general user interface observe the state of the option ask whether to include cross references when copying to another library image change its state in this case it is checked so we un check it click save restart jabref repeat steps you will find that the box in step is checked again updated state of preferences was not saved expected last saved state of the preference persists across sessions related pr test for completion for both sub issues the state of the preferences are saved across sessions after is ensured double check that the functionality not just saved state of the respective options works as expected too after the restart screen recordings are preferable for easy verification,UI_EDITORS
12832,include pubmed url in the url field when importing from pubmed please use the github issue tracker only for bug reports and smaller suggestions for improvements requests for completely new features questions and general feedback are now handled at thanks is your suggestion for improvement related to a problem please describe when importing references from pubmed into jabref the pubmed specific url e g is not automatically included in the entry this means users have to manually add the link to the url field to quickly access the pubmed reference this extra step is inconvenient especially when importing multiple references describe the solution you d like jabref should automatically populate the url field with the pubmed url during the import process the format of the url should be where is the pubmed id of the reference this should apply to all imports from pubmed whether using direct lookup or batch import the feature should work alongside the existing doi field if present without overwriting it example image additional context this enhancement would improve the workflow for researchers who frequently use pubmed reducing manual effort and ensuring consistency in reference management users should still be able to manually edit or override the url field if needed alternative approach if modifying the url field is not desirable an alternative solution would be to enhance the pmid field by adding a clickable open in pubmed button or link when a reference contains a pmid a small link icon or button would appear next to the field in the jabref entry editor clicking this button would open the corresponding pubmed page in the default web browser this approach avoids modifying the bibtex file but is less portable since the link wouldn t be included when exporting the entry while this alternative would still provide quick access to pubmed references the preferred approach remains populating the url field to ensure full portability across reference managers implementation hints the feature should be implemented in the functionality must be tested using unit tests to ensure reliability the pubmed url should be generated using a template e g rather than string concatenation to improve readability and maintainability,EXTERNAL
12829,fix import of pdf jabref offers adding bibliographic entries based on pdf files see i try with following pdf splc becker pdf document properties image i get bibtex misc practitioners author practitioners and martin becker and rick rabiser and goetz botterweck and embedded systems cdl vasics and lit cps lab trinity college dublin and lero the and fraunhofer iese and johannes kepler and university linz and irish software and research centre date title doi doi abstract introduction research on system and software product line engineering sple system and software product line engineering sple has a long and the community around it have been inspired by industrial tradition tracing back almost half a century to parnas discussion of applications however despite decades of research industry is program families from the get go frameworks for sple still struggling with adopting product line approaches and more the system and software product line community and its flagship generally with managing system variability we argue that it is conference splc have been very much inspired by industry needs essential to better understand why this is the case particularly we and challenges the devised approaches have been applied success need to understand the current challenges industry is facing wrt fully in a broad spectrum of industries adopting sple practices how far existing research helps industry however despite all this research when talking to industry practitioners to cope with their challenges and where additional practitioners one gets the impression that they are still struggling research would be required we conducted a hybrid workshop at when dealing with sple in practice one common pattern is that a the systems and software product line conference splc companywith a successful product addsmore similar products in an with over participants from industry and academia companies ad hoc approach e g clone and own then with more products from diverse domains and in different phases of sple adoption at some point the company hits a complexity barrier and requires presented their context and perceived challenges we grouped a more systematic approach on the other hand the discussed and rated the relevance of the articulated challenges we combinatorial explosion resulting from developing highly variable then formed clusters of relevant research topics to discuss existing engineering artefacts leads to issues in other engineering practices literature as well as research opportunities in this paper we report e g verification and validation testing if no systematic approach the industry cases the identified challenges and clusters of research to manage variabilities is applied and variability management topics provide pointers to existing work and discuss research across granularity levels is perceived as being difficult the opportunities with this we want to enable industry practitioners evolution of variation rich system without a systematic approach to become aware of typical challenges and find their way into the also becomes a nightmare over time existing body of knowledge and to relevant fields of research in this paper we argue that to provide directions for product file pdf pdf groups variability keywords case studies about companies adopting product line engineering investigate why no doi information is used why the pdf meta data is not used there seem to be issues with xmp meta data image start add test case to org jabref logic importer fileformat pdf pdfmergemetadataimportertest investigate org jabref logic importer fileformat pdfmergemetadataimporter,
12810,implement escaping for keyword separators context jabref does not support to be used as escaping for the keyword separator task add test cases for in org jabref model entry keywordlisttest adapt to implement parsing the escaping adapt to escape properly please also keep in mind that the gui renders differently than when serializing this should be done if steps and were correctly done you can double check with org jabref gui fieldeditors keywordseditorviewmodel serializekeywords and simply try out at the ui there was code proposed multiple times but without any timely follow up please ready through and implement a good solution good test cases when working on this address,
12803,update tests with fetchers to use assumetrue please use the github issue tracker only for bug reports and smaller suggestions for improvements requests for completely new features questions and general feedback is now handled at thanks is your suggestion for improvement related to a problem please describe when running the tests many fetchers would fail which might make it difficult to sift out when actual tests are failing for valid reasons it would be better to only run fetcher tests with the assumption they are able to actually fetch information describe the solution you d like koppor described using assumetrue to help ignore some of the tests that would fail due to acceptable fetch errors additional context maybe something like this would be better to add for tests involving fetchers java list bibentry response null try response grobidservice processpdf file importformatpreferences catch unknownhostexception unknownhostexception assumetrue false unable to fetch ignoring test,
12776,jabref doesn t open an actual window onwindow and string parsing error jabref version latest release operating system windows details on version and operating system windows h checked with the latest development build copy version output from about dialog i made a backup of my libraries before testing the latest development version x i have tested the latest development version and the problem persists steps to reproduce the behaviour jabref doesn t open an actual window on my windows it does launch and i can see in the task manger that the program kinda runs but there is no window to work with i can also see that when starting jabref the icon on the taskbar shows up from the error log it seems that there is a problem with jabref parsing the string i reinstalled jabref and modified the bib file but the problem still exists i guess jabref will read the default configuration saved before the specific error log is below appendix details summary log file summary ps c users xxx downloads jabref portable windows jabref runtime bin jabref bat messages are not initialized before accessing key display help on command line options main org jabref launcher main error unexpected exception java nio file invalidpathexception illegal char at index home xxx university research c postgraduate research list abbreviations csv at java base sun nio fs windowspathparser normalize unknown source at java base sun nio fs windowspathparser parse unknown source at java base sun nio fs windowspathparser parse unknown source at java base sun nio fs windowspath parse unknown source at java base sun nio fs windowsfilesystem getpath unknown source at java base java nio file path of unknown source at org jabref org jabref logic journals journalabbreviationloader loadrepository unknown source at org jabref org jabref launcher main unknown source details,UI_EDITORS
12763,fix false positive of git submodule not modified image maybe because of image triggered by,
12722,reveal in file explorer should be enabled after save create new library save right click on tab heading see reveal in file explorer is disabled image at step it should be enabled close the bib file re open it see that reveal in file explorer is available,UI_CORE
12713,triangle moves around in search for unlinked local files dialog jabref version alpha operating system gnu linux details on version and operating system arch linux mate de checked with the latest development build copy version output from about dialog x i made a backup of my libraries before testing the latest development version x i have tested the latest development version and the problem persists steps to reproduce the behaviour open search for unlinked files dialog perform search image import some files image you see triangle is that the beginning of the label import result if i click again on search results it s still there image if i click back again at import result then it works okayish image appendix no response,UI_CORE
12703,replace cleanup by clean up note to contributors this is a simple task intended for people who have not taken solved a good first issue so far we have clean up of entries it is spelled as cleanup in jabref but should be clean up update occurrences in the code wherever it s visible to the user update background risen by,UI_CORE
12702,add example questions to ai chat is your suggestion for improvement related to a problem please describe image jabref features an ai chat though it s a bit basic many ai services provide a feature called example questions this is a fixed set of questions that a user can ask at the beginning of chat describe the solution you d like add example questions in the ai chat above the text field image add an with those questions just above the chat prompt make them hyperlinks and on clicking it should send a message to ai chat org jabref gui ai components aichat aichatcomponent onsendmessage additional context n a,
12701,normalizenamesformatter should treat spaces bibtex article demo author first last first last first last renders in jabref as follows image but is should check hey there are strings separated by one space and blocks separated by multple spaces one space one author block multiple spaces sepearates author block task add test to org jabref model entry authorlisttest modify org jabref logic importer authorlistparser parse add heuristics at the beginning of the method,
12697,fix double citation key in check consistency image image this is the same field the second one should not be shown,UI_CORE
12696,check consistency window should leave out same columns the dialog filters on the type then the columns with the same content should be removed image otherwise the dialog is too large,UI_CORE
12695,check consistency should have a progress bar open a large library do quality check integrity a progress is displayed see close the dialog do quality check consistency no dialog is displayed with progresds dialog is displayed,
12694,remove double checking integrity the same stirng appears at two places image doesn t look professional remove the yellow string,UI_CORE
12664,improve welcome page this is a follow up to this is a refinement of the gsoc project description covering the welcome tab only note a welcome walkthrough is a different story please read on at then think of which of the features described at could be rendered as walkthrough there should be guides simlar to visusal studio code when working on this one really needs to come up with concrete proposals currently jabref expects new users to play around with the ui or read the user documentation a refined welcome page should offer guidance current ideas area working with files keep the current page introduced at first start settings jabref offers many things to setup there should be a quick possibility to set the default things currently the important things to change are grouped in the preferences by functionality and not by importance for a first time user with this part of the welcome page this should be offered example libraries welcome page should offer to open the example library available at the library should be distributed with jabref more example libraries could be added please think of something one could need also improve user documentation then initial example to show some features of jabref is however if possible chocolate bib should be extended to show nearly all features of jabref example blog post where chocolate bib was used to show a feature more work requires the task to come of with nice default groups for following user groups clean users not wanting to have any hints because they know what they are doing first time users managing a library the first time e g master thesis pro users wanting to have all features shown first time settings offer buttons configure for small libraries configure for large libraries disabled some time consuming features background configure a paper directory we aim for configuration defaults which don t require any manual adjustment in of the cases the only thing which has to be configured is the main file directory at external programs i think jabref should ask for that directory at the first start possibly just by a dialog your main file directory is not configured yet configure now skip configuration in other words implement a feature allowing users to easily set up and manage their paper directory configure other things external programs for push to application feature program should be auto detected maybe more enable online services jabref should list all online services allow a user enabling them and add a link to the user documentation typically a question mark button online services update checks online service grobid refs fetchers full text search add link privacy policy initial look and feel enable disable showing citation key column refs default enabled note this could be obsolete with sensible default for the role of jabref users see above more links add more links as described at related work for this issue firefox welcome page of vs code vscode for new users vscode has a nice walkthrough the issue is based on,UI_CORE
12663,allow user to choose csl bibliography title and format this is a contextual introductory issue for people wanting to dive into jabref s libreoffice integration it is a small medium sized task with the overall difficulty of a good third or fourth issue context pre requisites refer to this blog article for an introduction to how csl styles are used with jabref s libreoffice integration issue currently we have a hardcoded default title and its paragraph format for the csl bibliography as given in we wish to provide flexibility to users such that they can set a different title for the list of references e g bibliography or some other word phrase in english or other languages as well as choose its formatting the current workaround is that the user manually modifies it themselves once all their work is over as otherwise the title will get reset every time the bibliography is refreshed due to addition deletion rearrangement of citations or manual trigger in case of jstyles this problem does not exist as they are custom styles and the user can provide their intended values when making the file task add an option in the csl styles tab of the select style window in the openoffice libreoffice panel to modify bibliography title on clicking that the user should be given options to set the text for the title and its format image the options for format should be available via a dropdown and should consist of the popular presets in paragraph style formatting options as available in libreoffice image the mechanism to apply the formatting does not need to be written as it is already present just specifying the format name is enough the default if unchanged however should still remain heading these settings should be saved as user preferences in test for completion the specified text should be rendered as the bibliography title on generating bibliography via csl styles the options should be stored across jabref sessions,UI_EDITORS
12662,empty library should offer two actions when starting jabref and creating an empty library there is no content in the entry table image task create button add example entry which adds the bibentry shown at create button import your existing pdfs which i ensures that the library directory exists and ii trigger lookup search for unlinked files afterwards in case there is no library directory ask the user to configure one show a notification that no directory exist and then open the library properties image image note this is not about jabref showing no library at all check if is non empty,
12660,clean up jabref resources currently image task replace twitter by mastodon linking to add linkedin before facebook,
12659,add add jabref suggested groups task in the context menu of all entries there needs to be a new entry add jabref suggested groups it should add following groups if not already existing at the end of the groups entries without linked files entries without groups image tasks implement logic functionality add tests for logic functionality can be done iteratively with task to ensure test driven development no group existing both groups should be added one group already existing only other group should be added and more implement ui functionality add context menu entry and call functionality disable ui context menu if the two groups already exist the groups show as follows in jabref image image,UI_CORE
12657,disable functionality for non existing library jabref calls opened files libraries it is also possible that jabref has not opened any file one can click on search or add group image when clicking on search an error message appears image the buttons search and add group need to be disabled if there is no library opened if possible also the selection of the search provider and the search text box should be disabled task learn about javafx bindings and apply that knowledge to the enabled state of the buttons related that issue is for an unsaved library here it is about no libraries files opened,
12654,security enhancement hardcoded truststore password please use the github issue tracker only for bug reports and smaller suggestions for improvements requests for completely new features questions and general feedback is now handled at thanks hello while reading jabref s source code i came across the truststoremanager class which uses a hardcoded truststore password changeit in the following line private static final string store password changeit this password is then used when loading the truststore mytruststore load mykeys store password tochararray exposing the truststore password like this could lead to major issues if an attacker gains access to the truststore they can insert malicious certificates and manipulate it enabling mitm man in the middle attacks also this violates the best security practices according to cwe credentials should never be hardcoded in source code potential exposure if this password is leaked or extracted it could be exploited in production environments suggested solution for this is using a secure secrets manager and retrieve the truststore key from it for example aws secrets manager or even vault as it s open source i would like to work on this security enhancement if the team can kindly allow me to get assigned to this task kind regards,
12649,reduce tooltip delay from s to ms s for improved ux please use the github issue tracker only for bug reports and smaller suggestions for improvements requests for completely new features questions and general feedback is now handled at thanks is your suggestion for improvement related to a problem please describe tooltips currently take around seconds to appear delaying the display of contextual help and making the interface feel less responsive describe the solution you d like reduce the tooltip delay to ms or second for quicker access to help additional context image,UI_CORE
12647,preferences search should not only search labels currently the search functionality only considers labels and their associated content other components such as the items of combo boxes or additional input controls are ignored this limits the usability and effectiveness of the search feature suggested improvement extend the search feature to include text from all elements ensuring comprehensive search coverage across the entire preferences,UI_EDITORS
12645,incorrect deletion notification when canceling entry deletion jabref version latest release operating system windows details on version and operating system windows checked with the latest development build copy version output from about dialog x i made a backup of my libraries before testing the latest development version x i have tested the latest development version and the problem persists steps to reproduce the behaviour open jabref select an entry from the list click the delete option in the menu a confirmation dialog appears asking if you want to delete the entry click keep entry or close the dialog using the x button even though the entry is not deleted jabref still displays a notification stating that deleted entry s appendix details summary log file summary paste an excerpt of your log file here details,
12634,abbreviation of a list of entries cause two uncaught exceptions jabref version latest development branch build please note build date below operating system windows details on version and operating system windows checked with the latest development build copy version output from about dialog x i made a backup of my libraries before testing the latest development version x i have tested the latest development version and the problem persists steps to reproduce the behaviour create a new library use web search to search for something for example sw select all resulting entries and import them into your library select all the imported entries from the quality tab abbreviate the journal names to dotless if the error does not appear abbreviate them to shortunique and repeat these steps a couple of times the exceptions do not occur consistently explanation i traced the code and found that the issue occurs because a object which is not thread safe is accessed concurrently in the class the abbreviate method creates multiple callable tasks that use namedcompound instance when i changed the code to iterate over the entries in a regular loop instead of collecting tasks in threads the errors no longer occurred appendix exceptions note the first exception always happens and the second one happens rarely details summary log file summary error uncaught exception occurred in thread jabref cachedthreadpool main java lang illegalstateexception called endchange before beginchange at javafx base javafx collections listchangebuilder endchange listchangebuilder java at javafx base javafx collections observablelistbase endchange observablelistbase java at javafx base com sun javafx collections observablelistwrapper access observablelistwrapper java at javafx base com sun javafx collections observablelistwrapper invalidated observablelistwrapper java at javafx base com sun javafx collections maplistenerhelper generic firevaluechangedevent maplistenerhelper java at javafx base com sun javafx collections maplistenerhelper firevaluechangedevent maplistenerhelper java at javafx base com sun javafx collections observablemapwrapper callobservers observablemapwrapper java at javafx base com sun javafx collections observablemapwrapper put observablemapwrapper java at org jabref org jabref model entry bibentry setfield bibentry java at org jabref org jabref model entry bibentry setfield bibentry java at org jabref org jabref gui journals undoableabbreviator abbreviate undoableabbreviator java at org jabref org jabref gui journals abbreviateaction lambda abbreviate abbreviateaction java at java base java util stream matchops matchsink accept matchops java at java base java util hashmap keyspliterator tryadvance hashmap java at java base java util stream referencepipeline foreachwithcancel referencepipeline java at java base java util stream abstractpipeline copyintowithcancel abstractpipeline java at java base java util stream abstractpipeline copyinto abstractpipeline java at java base java util stream abstractpipeline wrapandcopyinto abstractpipeline java at java base java util stream matchops matchop evaluatesequential matchops java at java base java util stream matchops matchop evaluatesequential matchops java at java base java util stream abstractpipeline evaluate abstractpipeline java at java base java util stream referencepipeline anymatch referencepipeline java at org jabref org jabref gui journals abbreviateaction lambda abbreviate abbreviateaction java at java base java util concurrent futuretask run capture futuretask java at java base java util concurrent futuretask run futuretask java at java base java util concurrent threadpoolexecutor runworker threadpoolexecutor java at java base java util concurrent threadpoolexecutor worker run threadpoolexecutor java at java base java lang thread run thread java error uncaught exception occurred in thread jabref cachedthreadpool main java lang indexoutofboundsexception index out of bounds for length at java base java util objects checkindex objects java at java base java util arraylist get arraylist java at javafx base javafx collections listchangebuilder commit listchangebuilder java at javafx base javafx collections listchangebuilder endchange listchangebuilder java at javafx base javafx collections observablelistbase endchange observablelistbase java at javafx base com sun javafx collections observablelistwrapper access observablelistwrapper java at javafx base com sun javafx collections observablelistwrapper invalidated observablelistwrapper java at javafx base com sun javafx collections maplistenerhelper generic firevaluechangedevent maplistenerhelper java at javafx base com sun javafx collections maplistenerhelper firevaluechangedevent maplistenerhelper java at javafx base com sun javafx collections observablemapwrapper callobservers observablemapwrapper java at javafx base com sun javafx collections observablemapwrapper put observablemapwrapper java at org jabref org jabref model entry bibentry setfield bibentry java at org jabref org jabref model entry bibentry setfield bibentry java at org jabref org jabref gui journals undoableabbreviator abbreviate undoableabbreviator java at org jabref org jabref gui journals abbreviateaction lambda abbreviate abbreviateaction java at java base java util stream matchops matchsink accept matchops java at java base java util hashmap keyspliterator tryadvance hashmap java at java base java util stream referencepipeline foreachwithcancel referencepipeline java at java base java util stream abstractpipeline copyintowithcancel abstractpipeline java at java base java util stream abstractpipeline copyinto abstractpipeline java at java base java util stream abstractpipeline wrapandcopyinto abstractpipeline java at java base java util stream matchops matchop evaluatesequential matchops java at java base java util stream matchops matchop evaluatesequential matchops java at java base java util stream abstractpipeline evaluate abstractpipeline java at java base java util stream referencepipeline anymatch referencepipeline java at org jabref org jabref gui journals abbreviateaction lambda abbreviate abbreviateaction java at java base java util concurrent futuretask run capture futuretask java at java base java util concurrent futuretask run futuretask java at java base java util concurrent threadpoolexecutor runworker threadpoolexecutor java at java base java util concurrent threadpoolexecutor worker run threadpoolexecutor java at java base java lang thread run thread java details,
12620,fix pdfmergemetadataimportertest fails should be fixed follow up to,
12614,assign me command on jabref github not working jabref version latest release operating system other please describe below details on version and operating system jabref github actions checked with the latest development build copy version output from about dialog x i made a backup of my libraries before testing the latest development version x i have tested the latest development version and the problem persists steps to reproduce the behaviour when attempting to assign myself to an issue using the github action failed with the following error unable to resolve action unable to find version fix rate limit err image i looked and it looked like no one has been able to use the action successfully since about hours ago image appendix details summary log file summary current runner version operating system runner image runner image provisioner github token permissions secret source actions prepare workflow directory prepare all required actions getting action download info error unable to resolve action unable to find version details,
12612,broken link in contributing md guidelines for setting up a local workspace leads to page not found problem description the link guidelines for setting up a local workspace in the file is broken clicking on it results in a page not found error the issue occurs because the link is outdated or incorrect steps to reproduce open the repository and navigate to the file locate the guidelines for setting up a local workspace link click on the link observe that it leads to a page not found error a fix suggestion update the broken link with the correct url if possible verify that the correct link works properly before updating a pull request pr can be submitted to update the file with the correct link,
12610,fix springer fetcher authentication parameters missing org jabref logic importer fetcher springerfetchertest test pagesearchreturnsuniqueresultsperpage failed org jabref logic importer fetcherclientexception url http forbidden authentication parameters missing test searchbyqueryfindsentry failed org jabref logic importer fetcherclientexception url http forbidden authentication parameters missing,EXTERNAL
12609,acm fetcher fix two tests image,EXTERNAL
12605,error message when adding a new entry with an escaped opening curly bracket should be improved is your suggestion for improvement related to a problem please describe when creating a new bibtex entry in jabref where an author has an umlaut in their name it might happen that accidentally the opening curly bracket is escaped instead of the parenthesis this results in an exception that the file could not be saved unfortunately the stack trace is directly shown without highlighting the character that resulted in the exception in this case the closing curly bracket would be falsely required by the stack trace to be escaped too describe the solution you d like highlighting the character in the stack trace helps quickly identify the issue,
12585,when merging groups or keywords remove duplicates please use the github issue tracker only for bug reports and smaller suggestions for improvements requests for completely new features questions and general feedback is now handled at thanks is your suggestion for improvement related to a problem please describe in the merge dialog jabref merges groups or keywords by stringing the field values together from two entries this can create duplicates in the merged entry image image describe the solution you d like when merging groups or keywords automatically remove exact duplicates case sensitive from the list implementing this suggestion would also fix image de duplication of groups and keywords could also be used as a quality check additional context src main java org jabref gui mergeentries newmergedialog fieldsmerger groupmerger java src main java org jabref gui mergeentries newmergedialog fieldsmerger keywordmerger java,
12572,cache paths in directories class jabref is very slow ms when checking for a dirctory path in image task create static variable cache results of so that the result is determined once and re used at subsequent calls this is a work around for,
12567,have the context menu of linked files working for multipe selected files currently the functionality of remove link is working for one file only that means deletion of multiple linked files with remove link is not possible image task rework all entries of the context menu being either disabled for multiple selected files or work with multiple selected files current new comment edit disabled open file open file s iterate through all selected files and open each open folder open folder s collect all folders of all selected files in a set and open each download file download file s rename file to a defined pattern disabled disabled because there is a dialog chec move file to file directory move file s to file directory enabled only if all files are outside the file directory copy linked file to folder copy linked file s to folder all files are copied to the selected destination folder redownload file redownload file s only enabled if at least one file has an online link remove link remove link s permanently delete local file permanently delete local file s note that the localization strings need to be replaced illustration see at current behavior how to attach two files to an entry hints auto link feature start jabref open contained in delete all entries except keep file s while deleting select entry go to tab general see two files attached select both remove link both should be gone above switch entries switch back see that the two links are up again this is ok because the entry editor automatically links files beginning with the citation key image,UI_CORE;UI_EDITORS
12566,make strings consistent there are two functionalities for renamign attached files in the entry editor image in quality cleanup entries image the text of both menu entries should be the same it needs to be changed to rename files to configured filename format pattern change filename format pattern to filename format pattern from preferences also change rename only pdfs having a relative path to rename files having a relative path only see for a step by step instruction for triggering rename of a single file in the entry editor hint related,UI_CORE;UI_EDITORS
12565,refine file exists warning the current error dialog for renaming a file to an existing file is not good improvements allow keep both jabref adds at the file name use for this hover on the button keep both shows tool tip new filename with replaced by a filename not existing yet example bogner pdf if bogner pdf would be generated and exist add button provide alternative file name which triggers the functionality rename file to a given name from the context menu having the proposed name in the text box change title from file exists to target file already exists the content of the message box is strange for a long file name content target file name content of message box should not be editable current behavior open contained in remove tucker entry but keep file s select bogner restapi in the windows explorer select drag it onto bogner restapi in the main table in the general tab in the entry editor at the field file there are now two entries select the second one context menu right click select rename file to defined pattern image image internal discussion we could have an advanced hint explaining all options in the dialog box but we think this is not necessary to understand the actions taken by jabref,UI_CORE;UI_EDITORS
12561,drag n drop of pdf does nothing illustration start jabref open contained in select entry change citation key to x navigate to tab general drag and drop minimal note all upper case pdf to the file box see that nothing happens image expected behavior file already linked there should be a notification that the file is already linked in the library and thus is not relinked file not already linked link the file note this is kind of detective work drag and drop onto the entry in the main table works image,
12560,replace download linked online files by download references files pdfs jabref has a preference for downloading referenced files image the text is somewhat misleading it says that with this checkbox jabref downloads a file that is directly linked in the search engine response and jabref does not attempt to find a full text article tasks change this text to download referenced files pdfs update documentation hints repository of documentation,
12559,enforce saving of library before relative file paths are used start jabref using let that directory be create new library do not save open library properties library specific file directory see that this can be changed proposed workaround preferences make all three library directory settings field read only image add text save library first below these fields when a user drops a pdf file onto jabref it should not be allowed to the user windows should show crossed icon related and,UI_CORE
12558,disable search for unlinked local files for new library start jabref create new library do not save open lookup menu see that search for unlinked local files is clickable the action search for unlinked local files should only run if the current library is saved so that the path of the bib file is known hint look at for code hints this is a follow up to,UI_CORE
12556,fix file renaming start jabref check preferences that the citation key pattern for files is image create new library save library to folder drag an drop file from go to tab general scroll down to file right click and select edit image see that filename misses citatoin key image select quality cleanup entries ensure that rename pdfs to given filename format pattern is checked click ok image in the warning click autogenerate pdf names image click on edit again see that citation key is in image wish file should have correct name after import task understand what happens at drag and drop ensure that citaton key generation happens before file name renaming if is not possible report back why risen by,
12555,searchgroupsmigrationaction fails jabref version latest development branch build please note build date below operating system gnu linux details on version and operating system jabref alpha f e linux fc x amd java javafx checked with the latest development build copy version output from about dialog x i made a backup of my libraries before testing the latest development version x i have tested the latest development version and the problem persists steps to reproduce the behaviour with my k test entries bibtex file trying to open it a migration was attempted i agreed to the window asking me whether to perform migration the exception occurred and the library is still loading after several minutes appendix details summary log file summary java lang nullpointerexception cannot invoke org antlr v runtime tree parsetree accept org antlr v runtime tree parsetreevisitor because parameter is null at org jabref merged module org antlr v runtime tree abstractparsetreevisitor visit unknown source at org jabref org jabref logic search query searchqueryconversion flagstosearchexpression unknown source at org jabref org jabref gui importer actions searchgroupsmigrationaction migrategroups unknown source at org jabref org jabref gui importer actions searchgroupsmigrationaction migrategroups unknown source at org jabref org jabref gui importer actions searchgroupsmigrationaction lambda performaction unknown source at java base java util optional ifpresent unknown source at org jabref org jabref gui importer actions searchgroupsmigrationaction performaction unknown source at org jabref org jabref gui importer actions opendatabaseaction performpostopenactions unknown source at org jabref org jabref gui librarytab ondatabaseloadingsucceed unknown source at org jabref org jabref gui util uitaskexecutor lambda getjavafxtask unknown source at javafx base com sun javafx event compositeeventhandler dispatchbubblingevent unknown source at javafx base com sun javafx event eventhandlermanager dispatchbubblingevent unknown source at javafx base com sun javafx event eventhandlermanager dispatchbubblingevent unknown source at javafx base com sun javafx event basiceventdispatcher dispatchevent unknown source at javafx base com sun javafx event eventdispatchchainimpl dispatchevent unknown source at javafx base com sun javafx event eventutil fireeventimpl unknown source at javafx base com sun javafx event eventutil fireevent unknown source at javafx base javafx event event fireevent unknown source at javafx graphics javafx concurrent eventhelper fireevent unknown source at javafx graphics javafx concurrent task fireevent unknown source at javafx graphics javafx concurrent task setstate unknown source at javafx graphics javafx concurrent task taskcallable lambda call unknown source at javafx graphics com sun javafx application platformimpl lambda runlater unknown source at java base java security accesscontroller doprivileged unknown source at javafx graphics com sun javafx application platformimpl lambda runlater unknown source at javafx graphics com sun glass ui invokelaterdispatcher future run unknown source at javafx graphics com sun glass ui gtk gtkapplication runloop native method at javafx graphics com sun glass ui gtk gtkapplication lambda runloop unknown source at java base java lang thread run unknown source details,
12554,save the last directory from which files were added please use the github issue tracker only for bug reports and smaller suggestions for improvements requests for completely new features questions and general feedback is now handled at thanks is your suggestion for improvement related to a problem please describe in of all cases i add files to an entry from my downloads folder however jabref always opens the file selection dialog in the library s folder describe the solution you d like i would find it easier if the folder that was used last is opened again ideally this should be a setting that is remembered over restarts of jabref additional context,
12552,add markdown as copy format background maintable the current context menu of a main table entry contains two copy preview options image preview area the context menu of the preview only offers copying html image task add copy citation markdown as context menu entry to main table context menu add copy citation markdown as context menu entry to preview panel add to csl configuration stated at note this task is related to it can be done before or after the other task if done in parallel there will be some merge conflicts but propbaly not too large this is a follow up to,UI_CORE
12551,add two copy options also to context menu of preview background maintable the current context menu of a main table entry contains two copy preview options image it also offers export to clipboard image image preview area the context menu of the preview only offers copying html image task in the context menu of the preview rename copy preview to copy citation html add copy citation text add export to clipboard ensure that all three of these have the same functionality as the context menu in the main menu if not report back,UI_CORE
12550,use a tag field for resolve strings and do not wrap under preferences entry for currently it s not easy to see and distinguish the bibtex fields it should use a tagfield like in autocompletion current implementation image desired look and feel image task analyze how autocompletion preferences works port to entry affected fields and entry do not wrap when saving do not modify the preference object itself just the ui,UI_CORE;UI_EDITORS
12549,when fetching from doi dialog should select field data based on validity as user i can refine entry s data using a doi see for an example then for any field it could be possible that information is existing locally original entry and from the doi entry from doi example image however sometimes the local data is really wrong in this example the year and the entrytype the dialog should select the data which could be more right here entrytype and year should be selected from entry from doi image task find out how the merge entries dialog is called modify it to know that it knows that is called from get bibliographic data from doi or not if called from get bibliographic data from doi then it should go through all fields existing in both entries and select the ones more right implement it for entry type misc misc and year also use doi from the doi fetcher if code wise clean enough implement a class fieldvaluevaliditycomparator implementing a comparator the score returned is depending if the left right value are better and if the fields are equal or the comparator cannot tell inherit from it for use these comparators in the merge entries dialog details the dialog currently prioritizes the entry from the library sometimes the data from the library is really wrong example bibtex misc year doi ipdpsw publisher ieee wrong entry type wrong year when the merge entries dialog is started it should select the more propriate entry type everything else as misc is better and the better year if year differs more than years the new year should be taken,UI_CORE
12548,web import new entry should be added to group imported entries as user i want to know which entries i did import the last times it is possible to check for the last added entry after an import the last imported entry is highlighted if i import multiple entries only the last one is highlighted if i repeatedly import entries as user i have two phases searching and importing entries and clean up of entries for cleanup i need to know which entries need clean up i mix between web search and pdf import after an import some tweaks in the bibliographic entries need to be done fix of authors fix of titles e g by applying integrity checks not all of them are right and need to be manually checked another use case for marking imported entries is that they are kind of papers one wants to read therefore jabref should automatically add entries to a group imported entries desired feature after web search new entries should be added to the group imported entries the group name can be changed in the preferences after a pdf is imported it should also be added to this group after importing from doi or other web fetchers it should also be added to this group the feature should only be enabled if enabled in the preferences the name of the group should be globally configurable details enable configuring the group to add to image code hints store in the preferences in the preference defaults store when getting the preference check whether the string begins with if yes remove and the space after and lookup using references feature wish in the forum description of functionality adr to use for default strings in jabref x wie had a marker for imported entries similar feature mark and unmark of entries in jabref,EXTERNAL;LOGIC_DATA;UI_CORE
12546,add filetype mp in file links please use the github issue tracker only for bug reports and smaller suggestions for improvements requests for completely new features questions and general feedback is now handled at thanks is your suggestion for improvement related to a problem please describe some articles have videos as supplementary information files with an mp extension are not recognized in the file field and have to be added manually e g by setting the filetype to jpg image in the edit file link window and manually searching for the videos path afterwards the video is played without problems via the default program by simply clicking on the file link describe the solution you d like include mp extension in files,
12540,drag n drop of a pdf from file explorer to group should add the file open windows explorer navigate into folder open jabref create new library save library to folder in the group view on the left click on add group enter test as name click on ok if no group is added repeat steps to another issue in jabref drag onto jabref table result pdf added drag onto group test after dropping nothing happens expected behavior pdf is imported as in step pdf is added to group test hint method is handling the drop on the main table,
12536,citation key pattern generator should remove by default please use the github issue tracker only for bug reports and smaller suggestions for improvements requests for completely new features questions and general feedback is now handled at thanks is your suggestion for improvement related to a problem please describe i had an entry with the title the n vortex problem analytical techniques where the use of veryshorttitle lower resulted in the name newton n instead of the expected newton n until i added to the list of characters to be removed describe the solution you d like i can t imagine there s many people who would like the dollar signs here so i see no reason not to add to the list by default,
12535,user defined keyword separator does not apply to merge groups jabref version latest development branch build please note build date below operating system gnu linux details on version and operating system opensuse tumbleweed checked with the latest development build copy version output from about dialog x i made a backup of my libraries before testing the latest development version x i have tested the latest development version and the problem persists steps to reproduce the behaviour the user defined keyword separator applies to keywords and groups in the entry table but not in the merge find duplicates window the correct separator is used to merge keywords but not groups set a non default keyword separator in preferences entry notice that the keyword separator also applies to the field as intended create two entries with at least one group per entry but not identical group sets select the two entries and click quality merge entries in the merge window click the icon for notice that the groups are joined using the default separator comma instead of the user defined character the keyword separator is applies to and so i expect the same separator to be used for merging keywords or merging groups appendix jabref linux default amd java javafx details summary log file summary not applicable details,UI_CORE;UI_EDITORS
12533,pagetotal sorts alphabetically not numerically jabref version alpha operating system windows details on version and operating system windows h checked with the latest development build copy version output from about dialog x i made a backup of my libraries before testing the latest development version x i have tested the latest development version and the problem persists steps to reproduce the behaviour add to entry table columns add entries with varying s sort image appendix no response,UI_CORE
12530,when opening jabref ctrl w does not behave as expected jabref version latest release operating system windows details on version and operating system no response checked with the latest development build copy version output from about dialog x i made a backup of my libraries before testing the latest development version x i have tested the latest development version and the problem persists steps to reproduce the behaviour there is a bug in the ctrl w shortcut instead of closing the current tab it always closes the first tab in jabref open jabref use ctrl w key it will close the first tab instead of current tab,UI_EDITORS
12527,include abstract labels with pubmed medline xml import please use the github issue tracker only for bug reports and smaller suggestions for improvements requests for completely new features questions and general feedback is now handled at thanks is your suggestion for improvement related to a problem please describe abstracts from pubmed include convenient section labels such as background methods and results that make the content easier to read they are part of the abstract in plain text records and are included with the abstract when imported this is not the case for pubmed xml where the labels are enclosed in tags and do not get imported describe the solution you d like add section labels from see example to the related content when importing abstracts from pubmed xml note that labels also have a standardized translation shown as which is also very useful but not available in plain text pubmed records so i suggest including labels rather than categories in the import additional context example xml abstract abstracttext label background nlmcategory background this is the background section abstracttext abstracttext label materials and methods nlmcategory methods the methods belong here abstracttext abstracttext label results nlmcategory results the results showed something interesting abstracttext abstracttext label conclusion nlmcategory conclusions these are the conclusions abstracttext abstract suggested result of importing background this is the background section materials and methods the methods belong here results the results showed something interesting conclusion these are the conclusions,EXTERNAL
12508,add subgroup does not work on first time image image image not shown in groups tree image,UI_CORE
12504,read status extra options please use the github issue tracker only for bug reports and smaller suggestions for improvements requests for completely new features questions and general feedback is now handled at thanks is your suggestion for improvement related to a problem please describe currently there are only options for read status read and skimmed i would like to propose additional statuses in progress or reading and queued or up next describe the solution you d like add in progress and queued as two new options for read status additional context i think both of these options are worthwhile especially for when we have hundreds thousands of bib entries case for in progress if i m in the middle of reading a paper and i want to quickly look up another paper and then i get distracted i am extremely likely to forget what paper i was just reading or if it s a long article that takes a few days and i can t read it one day after another having an in progress option would allow me to just note that this one i started but haven t yet completed reading skimming yet and so i should probably go back to this at some point case for queued as i m reading an article sometimes it cites another article and i want to read that one i can then mark that article as queued so that i know i want to read this next this allows for better navigation and doesn t require me to keep track on paper which paper i want to look at next the two options combined are also very beneficial as it allows jumping between my queue and in progress in order to not have to constantly search for things when making auto generated groups,UI_CORE
12502,add dropdown for selecting citation key pattern there should be a drop down running list of matching suggestions available with at least the special field markers when selecting a citation key pattern this should reflect in both library properties as well as preferences the matching will involve search filtering to be more precise so the list of available special field markers should be populated and kept somewhere if not already done as far as i am aware we do only a case by case matching with the input pattern string sup sup and the generator fails without warning if no pattern matches sup sup no citation key is generated sup sup image image this will enhance ux greatly as it will take away some load to read the documentation again if a user forgets the pattern marker and also bring in some convenience for not having to press the enter key every time as in the click for selecting a sugegstion drop down item should be enough some more context sup sup one can find the patterns in sup sup in case of a single field marker in case of compound patterns consisting of a combination of field markers any one of them being invalid renders only that part invalid the citation key is then partially generated as per the valid components only e g can generate as a key instead of sup sup ideally there should be a warning notification in that case either while pressing enter after providing such a pattern or on trying to generate a citation key using it on empty string or preferably both,
12501,add a preference for the copy to option to include or exclude cross reference entries is your suggestion for improvement related to a problem please describe while copying entries via the copy to option if i have chosen to include them and selected the do not ask again option there is no way to change my preference later describe the solution you d like there should be an option in preferences general tab to modify this setting similar to the delete confirmation dialog option add an option in the preferences general tab it should say include cross referenced entries when using the copy to option additional context you can refer to as shown add another one below this in the same way image,
12500,copy to option does not follow the preferences jabref version latest release operating system windows checked with the latest development build copy version output from about dialog x i made a backup of my libraries before testing the latest development version x i have tested the latest development version and the problem persists steps to reproduce the behaviour there is a bug in the copy to option even after setting it to include cross referenced entries in the dialog box it does not include them the next time copy an entry using the copy to option when prompted choose to include the cross referenced entries and select do not ask again copy another entry again using the copy to option,
12494,exception logs generated when opening entry editor jabref version latest development branch build please note build date below operating system windows details on version and operating system no response checked with the latest development build copy version output from about dialog x i made a backup of my libraries before testing the latest development version x i have tested the latest development version and the problem persists steps to reproduce the behaviour start up jabref open a new library and add one or more entries or load an existing one double click on any entry to open the entry editor following logs are generated in the terminal as attached below can also be viewed in the event logs appendix log details summary log file summary java javafx application thread sun util logging internal loggingproviderimpl julwrapper log warn caught java lang classcastexception class java lang string cannot be cast to class javafx scene paint paint java lang string is in module java base of loader bootstrap javafx scene paint paint is in module javafx graphics of loader app while converting value for fx background color from rule entryeditor editorpane in stylesheet file d git repositories jabref build resources main org jabref gui base css javafx application thread sun util logging internal loggingproviderimpl julwrapper log warn could not resolve fx text background color while resolving lookups for fx text fill from rule label in stylesheet jar file c users g gradle caches modules files org openjfx javafx controls bdb f a b c fffefc e d e javafx controls win jar com sun javafx scene control skin modena modena bss javafx application thread sun util logging internal loggingproviderimpl julwrapper log warn could not resolve fx text background color while resolving lookups for fx text fill from rule label in stylesheet jar file c users g gradle caches modules files org openjfx javafx controls bdb f a b c fffefc e d e javafx controls win jar com sun javafx scene control skin modena modena bss javafx application thread sun util logging internal loggingproviderimpl julwrapper log warn could not resolve fx text background color while resolving lookups for fx text fill from rule label in stylesheet jar file c users g gradle caches modules files org openjfx javafx controls bdb f a b c fffefc e d e javafx controls win jar com sun javafx scene control skin modena modena bss javafx application thread sun util logging internal loggingproviderimpl julwrapper log warn could not resolve fx text background color while resolving lookups for fx text fill from rule label in stylesheet jar file c users g gradle caches modules files org openjfx javafx controls bdb f a b c fffefc e d e javafx controls win jar com sun javafx scene control skin modena modena bss javafx application thread sun util logging internal loggingproviderimpl julwrapper log warn could not resolve fx text background color while resolving lookups for fx text fill from rule label in stylesheet jar file c users g gradle caches modules files org openjfx javafx controls bdb f a b c fffefc e d e javafx controls win jar com sun javafx scene control skin modena modena bss javafx application thread sun util logging internal loggingproviderimpl julwrapper log warn could not resolve fx text background color while resolving lookups for fx text fill from rule label in stylesheet jar file c users g gradle caches modules files org openjfx javafx controls bdb f a b c fffefc e d e javafx controls win jar com sun javafx scene control skin modena modena bss javafx application thread sun util logging internal loggingproviderimpl julwrapper log warn caught java lang classcastexception class java lang string cannot be cast to class javafx scene paint paint java lang string is in module java base of loader bootstrap javafx scene paint paint is in module javafx graphics of loader app while converting value for fx background color from rule text input in stylesheet file d git repositories jabref build resources main org jabref gui base css javafx application thread sun util logging internal loggingproviderimpl julwrapper log warn could not resolve fx text background color while resolving lookups for fx text fill from rule label in stylesheet jar file c users g gradle caches modules files org openjfx javafx controls bdb f a b c fffefc e d e javafx controls win jar com sun javafx scene control skin modena modena bss javafx application thread sun util logging internal loggingproviderimpl julwrapper log warn could not resolve fx text background color while resolving lookups for fx text fill from rule label in stylesheet jar file c users g gradle caches modules files org openjfx javafx controls bdb f a b c fffefc e d e javafx controls win jar com sun javafx scene control skin modena modena bss javafx application thread sun util logging internal loggingproviderimpl julwrapper log warn could not resolve jr warn while resolving lookups for fx fill from rule entryeditor warning icon in stylesheet file d git repositories jabref build resources main org jabref gui base css javafx application thread sun util logging internal loggingproviderimpl julwrapper log warn could not resolve fx text base color while resolving lookups for fx icon color from rule ikonli font icon in stylesheet file d git repositories jabref build resources main org jabref gui base css javafx application thread sun util logging internal loggingproviderimpl julwrapper log warn caught java lang classcastexception class java lang string cannot be cast to class javafx scene paint color java lang string is in module java base of loader bootstrap javafx scene paint color is in module javafx graphics of loader app while converting value for fx highlight fill from rule text input in stylesheet jar file c users g gradle caches modules files org openjfx javafx controls bdb f a b c fffefc e d e javafx controls win jar com sun javafx scene control skin modena modena bss javafx application thread sun util logging internal loggingproviderimpl julwrapper log warn could not resolve fx text inner color while resolving lookups for fx text fill from rule text input in stylesheet jar file c users g gradle caches modules files org openjfx javafx controls bdb f a b c fffefc e d e javafx controls win jar com sun javafx scene control skin modena modena bss javafx application thread sun util logging internal loggingproviderimpl julwrapper log warn could not resolve fx text inner color while resolving lookups for fx highlight text fill from rule text input in stylesheet jar file c users g gradle caches modules files org openjfx javafx controls bdb f a b c fffefc e d e javafx controls win jar com sun javafx scene control skin modena modena bss javafx application thread sun util logging internal loggingproviderimpl julwrapper log warn could not resolve jr gray while resolving lookups for fx prompt text fill from rule text input in stylesheet file d git repositories jabref build resources main org jabref gui base css javafx application thread sun util logging internal loggingproviderimpl julwrapper log warn could not resolve fx text background color while resolving lookups for fx text fill from rule label in stylesheet jar file c users g gradle caches modules files org openjfx javafx controls bdb f a b c fffefc e d e javafx controls win jar com sun javafx scene control skin modena modena bss javafx application thread sun util logging internal loggingproviderimpl julwrapper log warn could not resolve jr warn while resolving lookups for fx fill from rule entryeditor warning icon in stylesheet file d git repositories jabref build resources main org jabref gui base css javafx application thread sun util logging internal loggingproviderimpl julwrapper log warn could not resolve fx text base color while resolving lookups for fx icon color from rule ikonli font icon in stylesheet file d git repositories jabref build resources main org jabref gui base css javafx application thread sun util logging internal loggingproviderimpl julwrapper log warn caught java lang classcastexception class java lang string cannot be cast to class javafx scene paint color java lang string is in module java base of loader bootstrap javafx scene paint color is in module javafx graphics of loader app while converting value for fx highlight fill from rule text input in stylesheet jar file c users g gradle caches modules files org openjfx javafx controls bdb f a b c fffefc e d e javafx controls win jar com sun javafx scene control skin modena modena bss javafx application thread sun util logging internal loggingproviderimpl julwrapper log warn could not resolve fx text inner color while resolving lookups for fx text fill from rule text input in stylesheet jar file c users g gradle caches modules files org openjfx javafx controls bdb f a b c fffefc e d e javafx controls win jar com sun javafx scene control skin modena modena bss javafx application thread sun util logging internal loggingproviderimpl julwrapper log warn could not resolve fx text inner color while resolving lookups for fx highlight text fill from rule text input in stylesheet jar file c users g gradle caches modules files org openjfx javafx controls bdb f a b c fffefc e d e javafx controls win jar com sun javafx scene control skin modena modena bss javafx application thread sun util logging internal loggingproviderimpl julwrapper log warn could not resolve jr gray while resolving lookups for fx prompt text fill from rule text input in stylesheet file d git repositories jabref build resources main org jabref gui base css javafx application thread sun util logging internal loggingproviderimpl julwrapper log warn caught java lang classcastexception class java lang string cannot be cast to class javafx scene paint paint java lang string is in module java base of loader bootstrap javafx scene paint paint is in module javafx graphics of loader app while converting value for fx background color from rule text input in stylesheet file d git repositories jabref build resources main org jabref gui base css javafx application thread sun util logging internal loggingproviderimpl julwrapper log warn caught java lang classcastexception class java lang string cannot be cast to class javafx scene paint color java lang string is in module java base of loader bootstrap javafx scene paint color is in module javafx graphics of loader app while converting value for fx highlight fill from rule text input in stylesheet jar file c users g gradle caches modules files org openjfx javafx controls bdb f a b c fffefc e d e javafx controls win jar com sun javafx scene control skin modena modena bss javafx application thread sun util logging internal loggingproviderimpl julwrapper log warn could not resolve fx text inner color while resolving lookups for fx text fill from rule text input in stylesheet jar file c users g gradle caches modules files org openjfx javafx controls bdb f a b c fffefc e d e javafx controls win jar com sun javafx scene control skin modena modena bss javafx application thread sun util logging internal loggingproviderimpl julwrapper log warn could not resolve fx text inner color while resolving lookups for fx highlight text fill from rule text input in stylesheet jar file c users g gradle caches modules files org openjfx javafx controls bdb f a b c fffefc e d e javafx controls win jar com sun javafx scene control skin modena modena bss javafx application thread sun util logging internal loggingproviderimpl julwrapper log warn could not resolve jr gray while resolving lookups for fx prompt text fill from rule text input in stylesheet file d git repositories jabref build resources main org jabref gui base css javafx application thread sun util logging internal loggingproviderimpl julwrapper log warn caught java lang classcastexception class java lang string cannot be cast to class javafx scene paint paint java lang string is in module java base of loader bootstrap javafx scene paint paint is in module javafx graphics of loader app while converting value for fx border color from rule button in stylesheet file d git repositories jabref build resources main org jabref gui base css javafx application thread sun util logging internal loggingproviderimpl julwrapper log warn could not resolve fx text base color while resolving lookups for fx text fill from rule button in stylesheet file d git repositories jabref build resources main org jabref gui base css javafx application thread sun util logging internal loggingproviderimpl julwrapper log warn caught java lang classcastexception class java lang string cannot be cast to class javafx scene paint paint java lang string is in module java base of loader bootstrap javafx scene paint paint is in module javafx graphics of loader app while converting value for fx background color from rule icon button in stylesheet file d git repositories jabref build resources main org jabref gui base css javafx application thread sun util logging internal loggingproviderimpl julwrapper log warn could not resolve fx text base color while resolving lookups for fx text fill from rule button in stylesheet file d git repositories jabref build resources main org jabref gui base css javafx application thread sun util logging internal loggingproviderimpl julwrapper log warn could not resolve fx text base color while resolving lookups for fx icon color from rule ikonli font icon in stylesheet file d git repositories jabref build resources main org jabref gui base css javafx application thread sun util logging internal loggingproviderimpl julwrapper log warn caught java lang classcastexception class java lang string cannot be cast to class javafx scene paint paint java lang string is in module java base of loader bootstrap javafx scene paint paint is in module javafx graphics of loader app while converting value for fx border color from rule button in stylesheet file d git repositories jabref build resources main org jabref gui base css javafx application thread sun util logging internal loggingproviderimpl julwrapper log warn could not resolve fx text base color while resolving lookups for fx text fill from rule button in stylesheet file d git repositories jabref build resources main org jabref gui base css javafx application thread sun util logging internal loggingproviderimpl julwrapper log warn caught java lang classcastexception class java lang string cannot be cast to class javafx scene paint paint java lang string is in module java base of loader bootstrap javafx scene paint paint is in module javafx graphics of loader app while converting value for fx background color from rule icon button in stylesheet file d git repositories jabref build resources main org jabref gui base css javafx application thread sun util logging internal loggingproviderimpl julwrapper log warn could not resolve fx text base color while resolving lookups for fx text fill from rule button in stylesheet file d git repositories jabref build resources main org jabref gui base css javafx application thread sun util logging internal loggingproviderimpl julwrapper log warn could not resolve fx text base color while resolving lookups for fx icon color from rule ikonli font icon in stylesheet file d git repositories jabref build resources main org jabref gui base css javafx application thread sun util logging internal loggingproviderimpl julwrapper log warn caught java lang classcastexception class java lang string cannot be cast to class javafx scene paint paint java lang string is in module java base of loader bootstrap javafx scene paint paint is in module javafx graphics of loader app while converting value for fx background color from rule combo box base in stylesheet file d git repositories jabref build resources main org jabref gui base css javafx application thread sun util logging internal loggingproviderimpl julwrapper log warn caught java lang classcastexception class java lang string cannot be cast to class javafx scene paint paint java lang string is in module java base of loader bootstrap javafx scene paint paint is in module javafx graphics of loader app while converting value for fx background color from rule date picker arrow button arrow in stylesheet jar file c users g gradle caches modules files org openjfx javafx controls bdb f a b c fffefc e d e javafx controls win jar com sun javafx scene control skin modena modena bss javafx application thread sun util logging internal loggingproviderimpl julwrapper log warn caught java lang classcastexception class java lang string cannot be cast to class javafx scene paint paint java lang string is in module java base of loader bootstrap javafx scene paint paint is in module javafx graphics of loader app while converting value for fx background color from rule combo box base editable text field in stylesheet file d git repositories jabref build resources main org jabref gui base css javafx application thread sun util logging internal loggingproviderimpl julwrapper log warn caught java lang classcastexception class java lang string cannot be cast to class javafx scene paint color java lang string is in module java base of loader bootstrap javafx scene paint color is in module javafx graphics of loader app while converting value for fx highlight fill from rule text input in stylesheet jar file c users g gradle caches modules files org openjfx javafx controls bdb f a b c fffefc e d e javafx controls win jar com sun javafx scene control skin modena modena bss javafx application thread sun util logging internal loggingproviderimpl julwrapper log warn could not resolve fx text inner color while resolving lookups for fx text fill from rule text input in stylesheet jar file c users g gradle caches modules files org openjfx javafx controls bdb f a b c fffefc e d e javafx controls win jar com sun javafx scene control skin modena modena bss javafx application thread sun util logging internal loggingproviderimpl julwrapper log warn could not resolve fx text inner color while resolving lookups for fx highlight text fill from rule text input in stylesheet jar file c users g gradle caches modules files org openjfx javafx controls bdb f a b c fffefc e d e javafx controls win jar com sun javafx scene control skin modena modena bss javafx application thread sun util logging internal loggingproviderimpl julwrapper log warn could not resolve jr gray while resolving lookups for fx prompt text fill from rule text input in stylesheet file d git repositories jabref build resources main org jabref gui base css javafx application thread sun util logging internal loggingproviderimpl julwrapper log warn caught java lang classcastexception class java lang string cannot be cast to class javafx scene paint color java lang string is in module java base of loader bootstrap javafx scene paint color is in module javafx graphics of loader app while converting value for fx highlight fill from rule text input in stylesheet jar file c users g gradle caches modules files org openjfx javafx controls bdb f a b c fffefc e d e javafx controls win jar com sun javafx scene control skin modena modena bss javafx application thread sun util logging internal loggingproviderimpl julwrapper log warn could not resolve fx text inner color while resolving lookups for fx text fill from rule text input in stylesheet jar file c users g gradle caches modules files org openjfx javafx controls bdb f a b c fffefc e d e javafx controls win jar com sun javafx scene control skin modena modena bss javafx application thread sun util logging internal loggingproviderimpl julwrapper log warn could not resolve fx text inner color while resolving lookups for fx highlight text fill from rule text input in stylesheet jar file c users g gradle caches modules files org openjfx javafx controls bdb f a b c fffefc e d e javafx controls win jar com sun javafx scene control skin modena modena bss javafx application thread sun util logging internal loggingproviderimpl julwrapper log warn could not resolve jr gray while resolving lookups for fx prompt text fill from rule text input in stylesheet file d git repositories jabref build resources main org jabref gui base css javafx application thread sun util logging internal loggingproviderimpl julwrapper log warn caught java lang classcastexception class java lang string cannot be cast to class javafx scene paint paint java lang string is in module java base of loader bootstrap javafx scene paint paint is in module javafx graphics of loader app while converting value for fx border color from rule button in stylesheet file d git repositories jabref build resources main org jabref gui base css javafx application thread sun util logging internal loggingproviderimpl julwrapper log warn could not resolve fx text base color while resolving lookups for fx text fill from rule button in stylesheet file d git repositories jabref build resources main org jabref gui base css javafx application thread sun util logging internal loggingproviderimpl julwrapper log warn caught java lang classcastexception class java lang string cannot be cast to class javafx scene paint paint java lang string is in module java base of loader bootstrap javafx scene paint paint is in module javafx graphics of loader app while converting value for fx background color from rule icon button in stylesheet file d git repositories jabref build resources main org jabref gui base css javafx application thread sun util logging internal loggingproviderimpl julwrapper log warn could not resolve fx text base color while resolving lookups for fx text fill from rule button in stylesheet file d git repositories jabref build resources main org jabref gui base css javafx application thread sun util logging internal loggingproviderimpl julwrapper log warn could not resolve fx text base color while resolving lookups for fx fill from rule glyph icon in stylesheet file d git repositories jabref build resources main org jabref gui base css javafx application thread sun util logging internal loggingproviderimpl julwrapper log warn could not resolve fx text base color while resolving lookups for fx icon color from rule ikonli font icon in stylesheet file d git repositories jabref build resources main org jabref gui base css javafx application thread sun util logging internal loggingproviderimpl julwrapper log warn caught java lang classcastexception class java lang string cannot be cast to class javafx scene paint color java lang string is in module java base of loader bootstrap javafx scene paint color is in module javafx graphics of loader app while converting value for fx effect from rule scroll bar vertical increment button increment arrow in stylesheet jar file c users g gradle caches modules files org openjfx javafx controls bdb f a b c fffefc e d e javafx controls win jar com sun javafx scene control skin modena modena bss javafx application thread sun util logging internal loggingproviderimpl julwrapper log warn caught java lang classcastexception class java lang string cannot be cast to class javafx scene paint color java lang string is in module java base of loader bootstrap javafx scene paint color is in module javafx graphics of loader app while converting value for fx effect from rule scroll bar vertical decrement button decrement arrow in stylesheet jar file c users g gradle caches modules files org openjfx javafx controls bdb f a b c fffefc e d e javafx controls win jar com sun javafx scene control skin modena modena bss javafx application thread sun util logging internal loggingproviderimpl julwrapper log warn caught java lang classcastexception class java lang string cannot be cast to class javafx scene paint paint java lang string is in module java base of loader bootstrap javafx scene paint paint is in module javafx graphics of loader app while converting value for fx background color from rule scroll bar vertical track in stylesheet file d git repositories jabref build resources main org jabref gui base css javafx application thread sun util logging internal loggingproviderimpl julwrapper log warn caught java lang classcastexception class java lang string cannot be cast to class javafx scene paint paint java lang string is in module java base of loader bootstrap javafx scene paint paint is in module javafx graphics of loader app while converting value for fx background color from rule scroll bar vertical thumb in stylesheet file d git repositories jabref build resources main org jabref gui base css javafx application thread sun util logging internal loggingproviderimpl julwrapper log warn caught java lang classcastexception class java lang string cannot be cast to class javafx scene paint color java lang string is in module java base of loader bootstrap javafx scene paint color is in module javafx graphics of loader app while converting value for fx effect from rule scroll bar horizontal increment button increment arrow in stylesheet jar file c users g gradle caches modules files org openjfx javafx controls bdb f a b c fffefc e d e javafx controls win jar com sun javafx scene control skin modena modena bss javafx application thread sun util logging internal loggingproviderimpl julwrapper log warn caught java lang classcastexception class java lang string cannot be cast to class javafx scene paint color java lang string is in module java base of loader bootstrap javafx scene paint color is in module javafx graphics of loader app while converting value for fx effect from rule scroll bar horizontal decrement button decrement arrow in stylesheet jar file c users g gradle caches modules files org openjfx javafx controls bdb f a b c fffefc e d e javafx controls win jar com sun javafx scene control skin modena modena bss javafx application thread sun util logging internal loggingproviderimpl julwrapper log warn caught java lang classcastexception class java lang string cannot be cast to class javafx scene paint paint java lang string is in module java base of loader bootstrap javafx scene paint paint is in module javafx graphics of loader app while converting value for fx background color from rule scroll bar horizontal track in stylesheet file d git repositories jabref build resources main org jabref gui base css javafx application thread sun util logging internal loggingproviderimpl julwrapper log warn caught java lang classcastexception class java lang string cannot be cast to class javafx scene paint paint java lang string is in module java base of loader bootstrap javafx scene paint paint is in module javafx graphics of loader app while converting value for fx background color from rule scroll bar horizontal thumb in stylesheet file d git repositories jabref build resources main org jabref gui base css javafx application thread sun util logging internal loggingproviderimpl julwrapper log warn caught java lang classcastexception class java lang string cannot be cast to class javafx scene paint color java lang string is in module java base of loader bootstrap javafx scene paint color is in module javafx graphics of loader app while converting value for fx background color from rule scroll pane corner in stylesheet jar file c users g gradle caches modules files org openjfx javafx controls bdb f a b c fffefc e d e javafx controls win jar com sun javafx scene control skin modena modena bss javafx application thread sun util logging internal loggingproviderimpl julwrapper log warn caught java lang classcastexception class java lang string cannot be cast to class javafx scene paint color java lang string is in module java base of loader bootstrap javafx scene paint color is in module javafx graphics of loader app while converting value for fx effect from rule scroll bar vertical increment button increment arrow in stylesheet jar file c users g gradle caches modules files org openjfx javafx controls bdb f a b c fffefc e d e javafx controls win jar com sun javafx scene control skin modena modena bss javafx application thread sun util logging internal loggingproviderimpl julwrapper log warn caught java lang classcastexception class java lang string cannot be cast to class javafx scene paint color java lang string is in module java base of loader bootstrap javafx scene paint color is in module javafx graphics of loader app while converting value for fx effect from rule scroll bar vertical decrement button decrement arrow in stylesheet jar file c users g gradle caches modules files org openjfx javafx controls bdb f a b c fffefc e d e javafx controls win jar com sun javafx scene control skin modena modena bss javafx application thread sun util logging internal loggingproviderimpl julwrapper log warn caught java lang classcastexception class java lang string cannot be cast to class javafx scene paint paint java lang string is in module java base of loader bootstrap javafx scene paint paint is in module javafx graphics of loader app while converting value for fx background color from rule scroll bar vertical track in stylesheet file d git repositories jabref build resources main org jabref gui base css javafx application thread sun util logging internal loggingproviderimpl julwrapper log warn caught java lang classcastexception class java lang string cannot be cast to class javafx scene paint paint java lang string is in module java base of loader bootstrap javafx scene paint paint is in module javafx graphics of loader app while converting value for fx background color from rule scroll bar vertical thumb in stylesheet file d git repositories jabref build resources main org jabref gui base css javafx application thread sun util logging internal loggingproviderimpl julwrapper log warn caught java lang classcastexception class java lang string cannot be cast to class javafx scene paint color java lang string is in module java base of loader bootstrap javafx scene paint color is in module javafx graphics of loader app while converting value for fx effect from rule scroll bar vertical increment button increment arrow in stylesheet jar file c users g gradle caches modules files org openjfx javafx controls bdb f a b c fffefc e d e javafx controls win jar com sun javafx scene control skin modena modena bss javafx application thread sun util logging internal loggingproviderimpl julwrapper log warn caught java lang classcastexception class java lang string cannot be cast to class javafx scene paint color java lang string is in module java base of loader bootstrap javafx scene paint color is in module javafx graphics of loader app while converting value for fx effect from rule scroll bar vertical decrement button decrement arrow in stylesheet jar file c users g gradle caches modules files org openjfx javafx controls bdb f a b c fffefc e d e javafx controls win jar com sun javafx scene control skin modena modena bss javafx application thread sun util logging internal loggingproviderimpl julwrapper log warn caught java lang classcastexception class java lang string cannot be cast to class javafx scene paint paint java lang string is in module java base of loader bootstrap javafx scene paint paint is in module javafx graphics of loader app while converting value for fx background color from rule scroll bar vertical track in stylesheet file d git repositories jabref build resources main org jabref gui base css javafx application thread sun util logging internal loggingproviderimpl julwrapper log warn caught java lang classcastexception class java lang string cannot be cast to class javafx scene paint paint java lang string is in module java base of loader bootstrap javafx scene paint paint is in module javafx graphics of loader app while converting value for fx background color from rule scroll bar vertical thumb in stylesheet file d git repositories jabref build resources main org jabref gui base css javafx application thread sun util logging internal loggingproviderimpl julwrapper log warn caught java lang classcastexception class java lang string cannot be cast to class javafx scene paint color java lang string is in module java base of loader bootstrap javafx scene paint color is in module javafx graphics of loader app while converting value for fx effect from rule scroll bar horizontal increment button increment arrow in stylesheet jar file c users g gradle caches modules files org openjfx javafx controls bdb f a b c fffefc e d e javafx controls win jar com sun javafx scene control skin modena modena bss javafx application thread sun util logging internal loggingproviderimpl julwrapper log warn caught java lang classcastexception class java lang string cannot be cast to class javafx scene paint color java lang string is in module java base of loader bootstrap javafx scene paint color is in module javafx graphics of loader app while converting value for fx effect from rule scroll bar horizontal decrement button decrement arrow in stylesheet jar file c users g gradle caches modules files org openjfx javafx controls bdb f a b c fffefc e d e javafx controls win jar com sun javafx scene control skin modena modena bss javafx application thread sun util logging internal loggingproviderimpl julwrapper log warn caught java lang classcastexception class java lang string cannot be cast to class javafx scene paint paint java lang string is in module java base of loader bootstrap javafx scene paint paint is in module javafx graphics of loader app while converting value for fx background color from rule scroll bar horizontal track in stylesheet file d git repositories jabref build resources main org jabref gui base css javafx application thread sun util logging internal loggingproviderimpl julwrapper log warn caught java lang classcastexception class java lang string cannot be cast to class javafx scene paint paint java lang string is in module java base of loader bootstrap javafx scene paint paint is in module javafx graphics of loader app while converting value for fx background color from rule scroll bar horizontal thumb in stylesheet file d git repositories jabref build resources main org jabref gui base css javafx application thread sun util logging internal loggingproviderimpl julwrapper log warn caught java lang classcastexception class java lang string cannot be cast to class javafx scene paint color java lang string is in module java base of loader bootstrap javafx scene paint color is in module javafx graphics of loader app while converting value for fx background color from rule scroll pane corner in stylesheet jar file c users g gradle caches modules files org openjfx javafx controls bdb f a b c fffefc e d e javafx controls win jar com sun javafx scene control skin modena modena bss javafx application thread sun util logging internal loggingproviderimpl julwrapper log warn caught java lang classcastexception class java lang string cannot be cast to class javafx scene paint paint java lang string is in module java base of loader bootstrap javafx scene paint paint is in module javafx graphics of loader app while converting value for fx background color from rule split pane split pane divider in stylesheet file d git repositories jabref build resources main org jabref gui base css javafx application thread sun util logging internal loggingproviderimpl julwrapper log warn caught java lang classcastexception class java lang string cannot be cast to class javafx scene paint paint java lang string is in module java base of loader bootstrap javafx scene paint paint is in module javafx graphics of loader app while converting value for fx background color from rule tab pane tab header area tab header background in stylesheet file d git repositories jabref build resources main org jabref gui base css javafx application thread sun util logging internal loggingproviderimpl julwrapper log warn caught java lang classcastexception class java lang string cannot be cast to class javafx scene paint paint java lang string is in module java base of loader bootstrap javafx scene paint paint is in module javafx graphics of loader app while converting value for fx background color from rule tab pane tab header area headers region tab selected in stylesheet file d git repositories jabref build resources main org jabref gui base css javafx application thread sun util logging internal loggingproviderimpl julwrapper log warn caught java lang classcastexception class java lang string cannot be cast to class javafx scene paint paint java lang string is in module java base of loader bootstrap javafx scene paint paint is in module javafx graphics of loader app while converting value for fx border color from rule tab pane tab header area headers region tab selected in stylesheet file d git repositories jabref build resources main org jabref gui base css javafx application thread sun util logging internal loggingproviderimpl julwrapper log warn could not resolve jr header height while resolving lookups for fx pref height from rule tab pane tab header area headers region tab in stylesheet file d git repositories jabref build resources main org jabref gui base css javafx application thread sun util logging internal loggingproviderimpl julwrapper log warn could not resolve jr theme text while resolving lookups for fx text fill from rule tab pane tab header area headers region tab selected tab label in stylesheet file d git repositories jabref build resources main org jabref gui base css javafx application thread sun util logging internal loggingproviderimpl julwrapper log warn could not resolve jr theme text while resolving lookups for fx text fill from rule tab pane tab header area headers region tab selected tab label in stylesheet file d git repositories jabref build resources main org jabref gui base css javafx application thread sun util logging internal loggingproviderimpl julwrapper log warn could not resolve jr theme text while resolving lookups for fx fill from rule tab pane tab header area headers region tab selected glyph icon in stylesheet file d git repositories jabref build resources main org jabref gui base css javafx application thread sun util logging internal loggingproviderimpl julwrapper log warn could not resolve fx text base color while resolving lookups for fx icon color from rule ikonli font icon in stylesheet file d git repositories jabref build resources main org jabref gui base css javafx application thread sun util logging internal loggingproviderimpl julwrapper log warn caught java lang classcastexception class java lang string cannot be cast to class javafx scene paint paint java lang string is in module java base of loader bootstrap javafx scene paint paint is in module javafx graphics of loader app while converting value for fx background color from rule tab pane tab header area headers region tab selected tab close button in stylesheet file d git repositories jabref build resources main org jabref gui base css javafx application thread sun util logging internal loggingproviderimpl julwrapper log warn caught java lang classcastexception class java lang string cannot be cast to class javafx scene paint paint java lang string is in module java base of loader bootstrap javafx scene paint paint is in module javafx graphics of loader app while converting value for fx background color from rule tab pane tab header area headers region tab in stylesheet file d git repositories jabref build resources main org jabref gui base css javafx application thread sun util logging internal loggingproviderimpl julwrapper log warn caught java lang classcastexception class java lang string cannot be cast to class javafx scene paint paint java lang string is in module java base of loader bootstrap javafx scene paint paint is in module javafx graphics of loader app while converting value for fx border color from rule tab pane tab header area headers region tab in stylesheet file d git repositories jabref build resources main org jabref gui base css javafx application thread sun util logging internal loggingproviderimpl julwrapper log warn could not resolve jr header height while resolving lookups for fx pref height from rule tab pane tab header area headers region tab in stylesheet file d git repositories jabref build resources main org jabref gui base css javafx application thread sun util logging internal loggingproviderimpl julwrapper log warn could not resolve fx mid text color while resolving lookups for fx text fill from rule tab pane tab header area headers region tab tab label in stylesheet file d git repositories jabref build resources main org jabref gui base css javafx application thread sun util logging internal loggingproviderimpl julwrapper log warn could not resolve fx mid text color while resolving lookups for fx text fill from rule tab pane tab header area headers region tab tab label in stylesheet file d git repositories jabref build resources main org jabref gui base css javafx application thread sun util logging internal loggingproviderimpl julwrapper log warn could not resolve fx mid text color while resolving lookups for fx fill from rule tab pane tab header area headers region tab glyph icon in stylesheet file d git repositories jabref build resources main org jabref gui base css javafx application thread sun util logging internal loggingproviderimpl julwrapper log warn could not resolve fx text base color while resolving lookups for fx icon color from rule ikonli font icon in stylesheet file d git repositories jabref build resources main org jabref gui base css javafx application thread sun util logging internal loggingproviderimpl julwrapper log warn caught java lang classcastexception class java lang string cannot be cast to class javafx scene paint paint java lang string is in module java base of loader bootstrap javafx scene paint paint is in module javafx graphics of loader app while converting value for fx background color from rule tab pane tab header area headers region tab tab container tab close button in stylesheet jar file c users g gradle caches modules files org openjfx javafx controls bdb f a b c fffefc e d e javafx controls win jar com sun javafx scene control skin modena modena bss javafx application thread sun util logging internal loggingproviderimpl julwrapper log warn could not resolve fx mid text color while resolving lookups for fx text fill from rule tab pane tab header area headers region tab tab label in stylesheet file d git repositories jabref build resources main org jabref gui base css javafx application thread sun util logging internal loggingproviderimpl julwrapper log warn could not resolve fx mid text color while resolving lookups for fx fill from rule tab pane tab header area headers region tab glyph icon in stylesheet file d git repositories jabref build resources main org jabref gui base css javafx application thread sun util logging internal loggingproviderimpl julwrapper log warn could not resolve fx text base color while resolving lookups for fx icon color from rule ikonli font icon in stylesheet file d git repositories jabref build resources main org jabref gui base css javafx application thread sun util logging internal loggingproviderimpl julwrapper log warn could not resolve fx mid text color while resolving lookups for fx text fill from rule tab pane tab header area headers region tab tab label in stylesheet file d git repositories jabref build resources main org jabref gui base css javafx application thread sun util logging internal loggingproviderimpl julwrapper log warn could not resolve fx mid text color while resolving lookups for fx fill from rule tab pane tab header area headers region tab glyph icon in stylesheet file d git repositories jabref build resources main org jabref gui base css javafx application thread sun util logging internal loggingproviderimpl julwrapper log warn could not resolve fx text base color while resolving lookups for fx icon color from rule ikonli font icon in stylesheet file d git repositories jabref build resources main org jabref gui base css javafx application thread sun util logging internal loggingproviderimpl julwrapper log warn could not resolve fx mid text color while resolving lookups for fx text fill from rule tab pane tab header area headers region tab tab label in stylesheet file d git repositories jabref build resources main org jabref gui base css javafx application thread sun util logging internal loggingproviderimpl julwrapper log warn could not resolve fx mid text color while resolving lookups for fx fill from rule tab pane tab header area headers region tab glyph icon in stylesheet file d git repositories jabref build resources main org jabref gui base css javafx application thread sun util logging internal loggingproviderimpl julwrapper log warn could not resolve fx text base color while resolving lookups for fx icon color from rule ikonli font icon in stylesheet file d git repositories jabref build resources main org jabref gui base css javafx application thread sun util logging internal loggingproviderimpl julwrapper log warn could not resolve fx mid text color while resolving lookups for fx text fill from rule tab pane tab header area headers region tab tab label in stylesheet file d git repositories jabref build resources main org jabref gui base css javafx application thread sun util logging internal loggingproviderimpl julwrapper log warn could not resolve fx mid text color while resolving lookups for fx fill from rule tab pane tab header area headers region tab glyph icon in stylesheet file d git repositories jabref build resources main org jabref gui base css javafx application thread sun util logging internal loggingproviderimpl julwrapper log warn could not resolve fx text base color while resolving lookups for fx icon color from rule ikonli font icon in stylesheet file d git repositories jabref build resources main org jabref gui base css javafx application thread sun util logging internal loggingproviderimpl julwrapper log warn could not resolve fx mid text color while resolving lookups for fx text fill from rule tab pane tab header area headers region tab tab label in stylesheet file d git repositories jabref build resources main org jabref gui base css javafx application thread sun util logging internal loggingproviderimpl julwrapper log warn could not resolve fx mid text color while resolving lookups for fx fill from rule tab pane tab header area headers region tab glyph icon in stylesheet file d git repositories jabref build resources main org jabref gui base css javafx application thread sun util logging internal loggingproviderimpl julwrapper log warn could not resolve fx text base color while resolving lookups for fx icon color from rule ikonli font icon in stylesheet file d git repositories jabref build resources main org jabref gui base css javafx application thread sun util logging internal loggingproviderimpl julwrapper log warn could not resolve fx mid text color while resolving lookups for fx text fill from rule tab pane tab header area headers region tab tab label in stylesheet file d git repositories jabref build resources main org jabref gui base css javafx application thread sun util logging internal loggingproviderimpl julwrapper log warn caught java lang classcastexception class java lang string cannot be cast to class javafx scene paint paint java lang string is in module java base of loader bootstrap javafx scene paint paint is in module javafx graphics of loader app while converting value for fx background color from rule tab pane tab header area headers region tab in stylesheet file d git repositories jabref build resources main org jabref gui base css javafx application thread sun util logging internal loggingproviderimpl julwrapper log warn caught java lang classcastexception class java lang string cannot be cast to class javafx scene paint paint java lang string is in module java base of loader bootstrap javafx scene paint paint is in module javafx graphics of loader app while converting value for fx border color from rule tab pane tab header area headers region tab in stylesheet file d git repositories jabref build resources main org jabref gui base css javafx application thread sun util logging internal loggingproviderimpl julwrapper log warn could not resolve jr header height while resolving lookups for fx pref height from rule tab pane tab header area headers region tab in stylesheet file d git repositories jabref build resources main org jabref gui base css javafx application thread sun util logging internal loggingproviderimpl julwrapper log warn could not resolve fx mid text color while resolving lookups for fx text fill from rule tab pane tab header area headers region tab tab label in stylesheet file d git repositories jabref build resources main org jabref gui base css javafx application thread sun util logging internal loggingproviderimpl julwrapper log warn could not resolve fx mid text color while resolving lookups for fx text fill from rule tab pane tab header area headers region tab tab label in stylesheet file d git repositories jabref build resources main org jabref gui base css javafx application thread sun util logging internal loggingproviderimpl julwrapper log warn caught java lang classcastexception class java lang string cannot be cast to class javafx scene paint paint java lang string is in module java base of loader bootstrap javafx scene paint paint is in module javafx graphics of loader app while converting value for fx background color from rule tab pane tab header area headers region tab tab container tab close button in stylesheet jar file c users g gradle caches modules files org openjfx javafx controls bdb f a b c fffefc e d e javafx controls win jar com sun javafx scene control skin modena modena bss javafx application thread sun util logging internal loggingproviderimpl julwrapper log warn could not resolve fx mid text color while resolving lookups for fx text fill from rule tab pane tab header area headers region tab tab label in stylesheet file d git repositories jabref build resources main org jabref gui base css javafx application thread sun util logging internal loggingproviderimpl julwrapper log warn could not resolve fx mid text color while resolving lookups for fx text fill from rule tab pane tab header area headers region tab tab label in stylesheet file d git repositories jabref build resources main org jabref gui base css javafx application thread sun util logging internal loggingproviderimpl julwrapper log warn could not resolve fx mid text color while resolving lookups for fx fill from rule tab pane tab header area headers region tab glyph icon in stylesheet file d git repositories jabref build resources main org jabref gui base css javafx application thread sun util logging internal loggingproviderimpl julwrapper log warn could not resolve fx text base color while resolving lookups for fx icon color from rule ikonli font icon in stylesheet file d git repositories jabref build resources main org jabref gui base css javafx application thread sun util logging internal loggingproviderimpl julwrapper log warn could not resolve fx mid text color while resolving lookups for fx text fill from rule tab pane tab header area headers region tab tab label in stylesheet file d git repositories jabref build resources main org jabref gui base css javafx application thread sun util logging internal loggingproviderimpl julwrapper log warn could not resolve fx mid text color while resolving lookups for fx fill from rule tab pane tab header area headers region tab glyph icon in stylesheet file d git repositories jabref build resources main org jabref gui base css javafx application thread sun util logging internal loggingproviderimpl julwrapper log warn could not resolve fx text base color while resolving lookups for fx icon color from rule ikonli font icon in stylesheet file d git repositories jabref build resources main org jabref gui base css javafx application thread sun util logging internal loggingproviderimpl julwrapper log warn could not resolve fx mid text color while resolving lookups for fx text fill from rule tab pane tab header area headers region tab tab label in stylesheet file d git repositories jabref build resources main org jabref gui base css javafx application thread sun util logging internal loggingproviderimpl julwrapper log warn could not resolve fx mid text color while resolving lookups for fx text fill from rule tab pane tab header area headers region tab tab label in stylesheet file d git repositories jabref build resources main org jabref gui base css javafx application thread sun util logging internal loggingproviderimpl julwrapper log warn caught java lang classcastexception class java lang string cannot be cast to class javafx scene paint paint java lang string is in module java base of loader bootstrap javafx scene paint paint is in module javafx graphics of loader app while converting value for fx background color from rule tab pane tab header area control buttons tab container tab down button in stylesheet jar file c users g gradle caches modules files org openjfx javafx controls bdb f a b c fffefc e d e javafx controls win jar com sun javafx scene control skin modena modena bss javafx application thread sun util logging internal loggingproviderimpl julwrapper log warn caught java lang classcastexception class java lang string cannot be cast to class javafx scene paint paint java lang string is in module java base of loader bootstrap javafx scene paint paint is in module javafx graphics of loader app while converting value for fx background color from rule tab pane tab header area control buttons tab container tab down button arrow in stylesheet jar file c users g gradle caches modules files org openjfx javafx controls bdb f a b c fffefc e d e javafx controls win jar com sun javafx scene control skin modena modena bss javafx application thread sun util logging internal loggingproviderimpl julwrapper log warn caught java lang classcastexception class java lang string cannot be cast to class javafx scene paint paint java lang string is in module java base of loader bootstrap javafx scene paint paint is in module javafx graphics of loader app while converting value for fx background color from rule split pane split pane divider in stylesheet file d git repositories jabref build resources main org jabref gui base css javafx application thread sun util logging internal loggingproviderimpl julwrapper log warn caught java lang classcastexception class java lang string cannot be cast to class javafx scene paint paint java lang string is in module java base of loader bootstrap javafx scene paint paint is in module javafx graphics of loader app while converting value for fx background color from rule split pane split pane divider in stylesheet file d git repositories jabref build resources main org jabref gui base css yeah i used java coloring to make it look pretty details,UI_EDITORS
12487,show progress in gui for consistency check please use the github issue tracker only for bug reports and smaller suggestions for improvements requests for completely new features questions and general feedback is now handled at thanks is your suggestion for improvement related to a problem please describe opening the new bibliography consistency check on a large library can will take some time there is no progress describe the solution you d like there should be a progress bar showing something like processing entry out of additional context pass a progress callback to the check method show a progress bar in the background task using the method,UI_CORE
12486,improve ux for copy to option with success dialog is your suggestion for improvement related to a problem please describe currently when using the copy to option there is no confirmation message indicating whether the entry was successfully copied this can lead to confusion as users may not be sure if the action was completed describe the solution you d like display a confirmation dialog similar to the copy title option the message should confirm that the entry was copied successfully the message should also indicate whether the cross reference entry was copied or not,
12470,tooltip only displays the first linked file when hovering jabref version latest release operating system windows details on version and operating system no response checked with the latest development build copy version output from about dialog x i made a backup of my libraries before testing the latest development version x i have tested the latest development version and the problem persists steps to reproduce the behaviour when hovering over the linked files tab for an entry with multiple linked files the tooltip only displays the first attached file instead of listing all linked files image steps to reproduce create a new entry attach multiple files to the entry ensure filenames are distinct for clarity hover over the linked files tab in the entry editor expected behavior the tooltip should display all linked files not just the first one,UI_CORE
12467,fuzzy matching for journal abbreviations please use the github issue tracker only for bug reports and smaller suggestions for improvements requests for completely new features questions and general feedback is now handled at thanks is your suggestion for improvement related to a problem please describe often the journal abbreviation feature will do nothing because there is a slight difference in the full journal name such as capitalization use of punctuation or subtitles describe the solution you d like i want to be able to use fuzzy matching ignoring minor differences like this additional context add any other context or screenshots about the feature request here,
12465,export sort order seems broken again jabref version latest development branch build please note build date below operating system windows details on version and operating system no response checked with the latest development build copy version output from about dialog x i made a backup of my libraries before testing the latest development version x i have tested the latest development version and the problem persists steps to reproduce the behaviour use any combination of always reformat library on save and export and any setting under export sort order save or export the settings seem to be completely ignored and the original order is always used appendix jabref alpha beefbaa though it was also happening in alpha,
12462,string removed while restoring backups jabref version latest release operating system gnu linux details on version and operating system opensuse tumbleweed checked with the latest development build copy version output from about dialog x i made a backup of my libraries before testing the latest development version x i have tested the latest development version and the problem persists steps to reproduce the behaviour open a bib file with entries make some change without saving have a look at the automatic backup file observe how the entry isn t included there appendix i had suffered several times from having all my s removed from bib files today it happened again and i noted that it was after a recovery from an automatic backup in fact checking the files jabref writes it seems that they do not include entries hence these are lost on restorage i d rate this as a rather severe dataloss bug,
12460,name in brackets still parsed as author name jabref version latest release operating system gnu linux details on version and operating system debian gnu linux bookworm x checked with the latest development build copy version output from about dialog x i made a backup of my libraries before testing the latest development version x i have tested the latest development version and the problem persists steps to reproduce the behaviour create any biblatex library add a manual entry of type electronic misc book etc enter a name surrounded with brackets image appendix no response,UI_CORE
12456,in the right click context menu option copy to if a database is untitled a blank space is displayed instead jabref version latest release operating system windows details on version and operating system no response checked with the latest development build copy version output from about dialog x i made a backup of my libraries before testing the latest development version x i have tested the latest development version and the problem persists steps to reproduce the behaviour create a new library and keep it untitled open the right click context menu and choose the copy to option in the menu a blank space appears instead of untitled appendix no response,
12442,missing the edit table jabref version other please describe below operating system gnu linux details on version and operating system jabref alpha b linux fc x amd java javafx checked with the latest development build copy version output from about dialog x i made a backup of my libraries before testing the latest development version x i have tested the latest development version and the problem persists steps to reproduce the behaviour double click on entry generates preview but misses access to entry editing table appendix image,
12441,context click throws exception in maintable jabref version latest development branch build please note build date below operating system windows details on version and operating system jabref alpha ace ef linux fc x amd java javafx checked with the latest development build copy version output from about dialog x i made a backup of my libraries before testing the latest development version x i have tested the latest development version and the problem persists steps to reproduce the behaviour click on an entry with the right click i get this exception appendix details summary log file summary java util nosuchelementexception no value present at java base java util optional get unknown source at org jabref org jabref gui maintable rightclickmenu createcopytomenu unknown source at org jabref org jabref gui maintable rightclickmenu create unknown source at org jabref org jabref gui maintable maintable lambda new unknown source at org jabref org jabref gui util viewmodeltablerowfactory lambda call unknown source at javafx base com sun javafx event compositeeventhandler dispatchbubblingevent unknown source at javafx base com sun javafx event eventhandlermanager dispatchbubblingevent unknown source at javafx base com sun javafx event eventhandlermanager dispatchbubblingevent unknown source at javafx base com sun javafx event compositeeventdispatcher dispatchbubblingevent unknown source at javafx base com sun javafx event basiceventdispatcher dispatchevent unknown source at javafx base com sun javafx event eventdispatchchainimpl dispatchevent unknown source at javafx base com sun javafx event basiceventdispatcher dispatchevent unknown source at javafx base com sun javafx event eventdispatchchainimpl dispatchevent unknown source at javafx base com sun javafx event basiceventdispatcher dispatchevent unknown source at javafx base com sun javafx event eventdispatchchainimpl dispatchevent unknown source at javafx base com sun javafx event basiceventdispatcher dispatchevent unknown source at javafx base com sun javafx event eventdispatchchainimpl dispatchevent unknown source at javafx base com sun javafx event basiceventdispatcher dispatchevent unknown source at javafx base com sun javafx event eventdispatchchainimpl dispatchevent unknown source at javafx base com sun javafx event basiceventdispatcher dispatchevent unknown source at javafx base com sun javafx event eventdispatchchainimpl dispatchevent unknown source at javafx base com sun javafx event basiceventdispatcher dispatchevent unknown source at javafx base com sun javafx event eventdispatchchainimpl dispatchevent unknown source at javafx base com sun javafx event basiceventdispatcher dispatchevent unknown source at javafx base com sun javafx event eventdispatchchainimpl dispatchevent unknown source at javafx base com sun javafx event basiceventdispatcher dispatchevent unknown source at javafx base com sun javafx event eventdispatchchainimpl dispatchevent unknown source at javafx base com sun javafx event basiceventdispatcher dispatchevent unknown source at javafx base com sun javafx event eventdispatchchainimpl dispatchevent unknown source at javafx base com sun javafx event eventutil fireeventimpl unknown source at javafx base com sun javafx event eventutil fireevent unknown source at javafx base javafx event event fireevent unknown source at javafx graphics javafx scene scene processmenuevent unknown source at javafx graphics javafx scene scene scenepeerlistener menuevent unknown source at javafx graphics com sun javafx tk quantum glassvieweventhandler lambda handlemenuevent unknown source at java base java security accesscontroller doprivileged unknown source at javafx graphics com sun javafx tk quantum glassvieweventhandler lambda handlemenuevent unknown source at javafx graphics com sun javafx tk quantum quantumtoolkit runwithoutrenderlock unknown source at javafx graphics com sun javafx tk quantum glassvieweventhandler handlemenuevent unknown source at javafx graphics com sun glass ui view handlemenuevent unknown source at javafx graphics com sun glass ui view notifymenu unknown source at javafx graphics com sun glass ui gtk gtkapplication runloop native method at javafx graphics com sun glass ui gtk gtkapplication lambda runloop unknown source at java base java lang thread run unknown source details,
12437,biblatex seasons cause exception on import and export jabref version latest development branch build please note build date below operating system windows details on version and operating system windows h jabref alpha checked with the latest development build copy version output from about dialog x i made a backup of my libraries before testing the latest development version x i have tested the latest development version and the problem persists steps to reproduce the behaviour import an entry with date appendix biblatex allows seasons following iso which are encoded by using in the month field java time datetimeexception invalid value for monthofyear valid values,LOGIC_DATA
12434,valid doi not accepted by jabref jabref version latest development branch build please note build date below operating system windows details on version and operating system no response checked with the latest development build copy version output from about dialog x i made a backup of my libraries before testing the latest development version x i have tested the latest development version and the problem persists steps to reproduce the behaviour ctrl n choose id type doi enter the doi you will get the following error error message java net urisyntaxexception illegal character in path at index build jabref alpha ace ef appendix image,
12413,there is no highlighting of groups when selecting input entry image jabref version latest development branch build please note build date below operating system windows details on version and operating system ubuntu checked with the latest development build copy version output from about dialog x i made a backup of my libraries before testing the latest development version x i have tested the latest development version and the problem persists steps to reproduce the behaviour in the latest version of jabref there is no green highlighting of groups when selecting an entry element in a list that was previously added to this group this was a very useful feature in previous versions of the program appendix no response,UI_CORE
12412,citation relations can t retrieve data hi i have a problem with the citation relations tab it only displays no articles found jabref eb windows amd java steps to reproduce open the citation relations tab in entry editor details i am using jabref from within a company network i had a similar error log when i tried to import data using the doi number this problem could be resolved by deactivatin ssl decryption for and now the same issue seems to occur for the citation relations already deactivated ssl decryption for but the problem persists i am able to use the same library on another device in another network private network without any problems the problem is either machine or network related could someone give me a hint which setting could be the issue or are there any other domains which need to be considered for fetching thanks for your help details summary detail information summary error while fetching citations org jabref logic importer fetcherexception could not fetch at org jabref org jabref gui entryeditor citationrelationtab semanticscholar semanticscholarfetcher searchcitedby unknown source at org jabref org jabref gui entryeditor citationrelationtab bibentryrelationsrepository forcerefreshcitations unknown source at org jabref org jabref gui entryeditor citationrelationtab bibentryrelationsrepository getcitations unknown source at org jabref org jabref gui entryeditor citationrelationtab citationrelationstab lambda searchforrelations unknown source at org jabref org jabref gui util backgroundtask call unknown source at org jabref org jabref gui util uitaskexecutor call unknown source at javafx graphics javafx concurrent task taskcallable call unknown source at java base java util concurrent futuretask run unknown source at java base java util concurrent executors runnableadapter call unknown source at java base java util concurrent futuretask run unknown source at java base java util concurrent threadpoolexecutor runworker unknown source at java base java util concurrent threadpoolexecutor worker run unknown source at java base java lang thread run unknown source caused by javax net ssl sslhandshakeexception pkix path building failed sun security provider certpath suncertpathbuilderexception unable to find valid certification path to requested target at java base sun security ssl alert createsslexception unknown source at java base sun security ssl transportcontext fatal unknown source at java base sun security ssl transportcontext fatal unknown source at java base sun security ssl transportcontext fatal unknown source at java base sun security ssl certificatemessage t certificateconsumer checkservercerts unknown source at java base sun security ssl certificatemessage t certificateconsumer onconsumecertificate unknown source at java base sun security ssl certificatemessage t certificateconsumer consume unknown source at java base sun security ssl sslhandshake consume unknown source at java base sun security ssl handshakecontext dispatch unknown source at java base sun security ssl handshakecontext dispatch unknown source at java base sun security ssl transportcontext dispatch unknown source at java base sun security ssl ssltransport decode unknown source at java base sun security ssl sslsocketimpl decode unknown source at java base sun security ssl sslsocketimpl readhandshakerecord unknown source at java base sun security ssl sslsocketimpl starthandshake unknown source at java base sun security ssl sslsocketimpl starthandshake unknown source at java base sun net www protocol source at java base sun net www protocol source at java base sun net www protocol source at java base sun net www protocol source at java base java net source at java base sun net www protocol source at org jabref org jabref logic net urldownload openconnection unknown source at org jabref org jabref logic net urldownload asstring unknown source more caused by sun security validator validatorexception pkix path building failed sun security provider certpath suncertpathbuilderexception unable to find valid certification path to requested target at java base sun security validator pkixvalidator dobuild unknown source at java base sun security validator pkixvalidator enginevalidate unknown source at java base sun security validator validator validate unknown source at java base sun security ssl x trustmanagerimpl checktrusted unknown source at java base sun security ssl x trustmanagerimpl checkservertrusted unknown source at org jabref org jabref logic net ssl truststoremanager checkservertrusted unknown source at java base sun security ssl abstracttrustmanagerwrapper checkservertrusted unknown source more caused by sun security provider certpath suncertpathbuilderexception unable to find valid certification path to requested target at java base sun security provider certpath suncertpathbuilder build unknown source at java base sun security provider certpath suncertpathbuilder enginebuild unknown source at java base java security cert certpathbuilder build unknown source more error while fetching references org jabref logic importer fetcherexception could not fetch at org jabref org jabref gui entryeditor citationrelationtab semanticscholar semanticscholarfetcher searchciting unknown source at org jabref org jabref gui entryeditor citationrelationtab bibentryrelationsrepository getreferences unknown source at org jabref org jabref gui entryeditor citationrelationtab citationrelationstab lambda searchforrelations unknown source at org jabref org jabref gui util backgroundtask call unknown source at org jabref org jabref gui util uitaskexecutor call unknown source at javafx graphics javafx concurrent task taskcallable call unknown source at java base java util concurrent futuretask run unknown source at java base java util concurrent executors runnableadapter call unknown source at java base java util concurrent futuretask run unknown source at java base java util concurrent threadpoolexecutor runworker unknown source at java base java util concurrent threadpoolexecutor worker run unknown source at java base java lang thread run unknown source caused by javax net ssl sslhandshakeexception pkix path building failed sun security provider certpath suncertpathbuilderexception unable to find valid certification path to requested target at java base sun security ssl alert createsslexception unknown source at java base sun security ssl transportcontext fatal unknown source at java base sun security ssl transportcontext fatal unknown source at java base sun security ssl transportcontext fatal unknown source at java base sun security ssl certificatemessage t certificateconsumer checkservercerts unknown source at java base sun security ssl certificatemessage t certificateconsumer onconsumecertificate unknown source at java base sun security ssl certificatemessage t certificateconsumer consume unknown source at java base sun security ssl sslhandshake consume unknown source at java base sun security ssl handshakecontext dispatch unknown source at java base sun security ssl handshakecontext dispatch unknown source at java base sun security ssl transportcontext dispatch unknown source at java base sun security ssl ssltransport decode unknown source at java base sun security ssl sslsocketimpl decode unknown source at java base sun security ssl sslsocketimpl readhandshakerecord unknown source at java base sun security ssl sslsocketimpl starthandshake unknown source at java base sun security ssl sslsocketimpl starthandshake unknown source at java base sun net www protocol source at java base sun net www protocol source at java base sun net www protocol source at java base sun net www protocol source at java base java net source at java base sun net www protocol source at org jabref org jabref logic net urldownload openconnection unknown source at org jabref org jabref logic net urldownload asstring unknown source more caused by sun security validator validatorexception pkix path building failed sun security provider certpath suncertpathbuilderexception unable to find valid certification path to requested target at java base sun security validator pkixvalidator dobuild unknown source at java base sun security validator pkixvalidator enginevalidate unknown source at java base sun security validator validator validate unknown source at java base sun security ssl x trustmanagerimpl checktrusted unknown source at java base sun security ssl x trustmanagerimpl checkservertrusted unknown source at org jabref org jabref logic net ssl truststoremanager checkservertrusted unknown source at java base sun security ssl abstracttrustmanagerwrapper checkservertrusted unknown source more caused by sun security provider certpath suncertpathbuilderexception unable to find valid certification path to requested target at java base sun security provider certpath suncertpathbuilder build unknown source at java base sun security provider certpath suncertpathbuilder enginebuild unknown source at java base java security cert certpathbuilder build unknown source more details,EXTERNAL
12410,memory overflow and operating system freeze due to the cited by entry tab from the citation relations scrolling jabref version latest development branch build please note build date below operating system gnu linux details on version and operating system ubuntu checked with the latest development build copy version output from about dialog x i made a backup of my libraries before testing the latest development version x i have tested the latest development version and the problem persists steps to reproduce the behaviour to reproduce you can use the article with doi j nimb after adding an article to the library you need to scroll the slider from cited by to the area of articles corresponding to as in the figure below image you need to be careful because you may need to crash due to memory overload appendix,
12407,add toggle to allow markdown in user comments in entry editor jabref alpha e da a windows amd java javafx is your suggestion for improvement related to a problem please describe i want to store my ai generated summaries somewhere because everytime i restart jabref they get deleted sometimes i want to generate multiple summaries of the same scientific paper i opted to store the summaries in the comments section of jabref but the comments section does not support markdown and that s annoying because i want to have responses formated in markdown describe the solution you d like add toggle that allows users to switch between markdown and plaintext mode additional context there is currently work being done on adding markdown to the ai chat tab see so to add this feature here some of the code could potentially be re used there already is a toggle in the ai summary tab,UI_CORE;UI_EDITORS
12397,infinite recursion in method hashcode in class org jabref model entry event fieldchangedevent java jabref version latest development branch build please note build date below operating system windows details on version and operating system windows build checked with the latest development build copy version output from about dialog x i made a backup of my libraries before testing the latest development version x i have tested the latest development version and the problem persists steps to reproduce the behaviour use inspect code in intellij category probable bugs infinite recursion or write a test for haschcode method which results in stackoverflowerror appendix details summary log file summary paste an excerpt of your log file here details,QUALITY
